East,North,Elevation,bo,cpy,py,alte,mine,dom,ug
156911.7393,93193.44188,3827.13,0.0,0.564,1.199,BTK,CPY,3,3
156908.3362,93214.70964,3768.98,0.019,0.6709999999999999,3.247,BTK,CPY,3,3
156905.644,93233.72129,3712.19,0.09699999999999999,0.5820000000000001,1.035,BTK,BN,3,4
156903.2416,93252.82611000001,3653.51,0.193,0.48700000000000004,0.78,BTK,CPY,3,3
156901.0979,93270.77183,3598.07,0.057999999999999996,1.036,2.73,BTK,CPY,3,3
156898.9543,93288.71754,3539.14,0.35200000000000004,0.7070000000000001,1.514,BTK,BN,3,4
156895.9723,93307.63602,3482.16,0.040999999999999995,1.038,0.48,BTK,CPY,3,3
156892.9903,93326.55449,3425.29,0.055999999999999994,0.9059999999999999,0.893,BTK,CPY,3,3
156889.6529,93346.60102,3366.68,0.006,0.75,2.301,BTK,CPY,3,3
156886.2189,93366.61649,3308.19,0.0,0.846,1.719,BTK,CPY,3,3
157049.717,92580.61381,3682.69,0.0,0.35700000000000004,0.633,BTK,CPY,3,3
157049.3505,92592.91926,3597.07,0.003,0.564,0.7290000000000001,BTK,CPY,3,3
157049.2774,92601.59208999999,3539.95,0.038,0.555,0.364,BTK,CPY,3,3
157049.9077,92615.4604,3423.66,0.308,0.9940000000000001,0.397,BTK,BN,3,4
157050.3523,92621.81501,3366.33,0.158,1.033,0.647,POT,BN,3,4
157050.9591,92626.97944,3308.95,0.132,0.927,0.461,POT,BN,3,4
157051.5659,92632.14387999999,3251.56,0.047,0.7879999999999999,1.077,BTK,CPY,3,3
157052.0105,92638.49848,3194.18,0.05,0.708,0.67,BTK,CPY,3,3
157052.9071,92643.75609,3136.8,0.003,1.053,1.069,BTK,CPY,3,3
157053.5411,92653.89861,3020.22,0.0,0.823,2.2359999999999998,SCL,CPY,3,2
155656.1359,92979.79311,3592.54,0.006,0.7120000000000001,0.934,BTK,CPY,3,3
155731.721,92599.09662000001,3452.57,0.39399999999999996,0.39799999999999996,0.4,BTK,BN,3,4
155731.3,92601.4459,3395.0,0.324,0.721,0.745,BTK,BN,3,4
155730.8789,92603.79518,3337.43,0.29100000000000004,0.71,2.207,BTK,BN,3,4
157558.5917,92202.58039,3480.99,0.0,0.9279999999999999,4.88,FIL,CPY,3,2
157559.0475,92197.75759,3365.87,0.0,1.036,2.516,FIL,CPY,3,2
157559.2753,92195.3462,3308.31,0.0,1.112,1.807,SCL,CPY,2,1
157559.793,92193.02797000001,3250.75,0.002,1.525,1.807,POT,CPY,2,1
157560.3106,92190.70975,3193.2,0.026000000000000002,3.1319999999999997,0.542,BTK,CPY,2,1
157560.8282,92188.39153,3135.65,0.004,4.2780000000000005,0.634,SCL,CPY,2,1
157561.7013,92184.94526000001,3078.11,0.0,1.992,0.526,BTK,CPY,2,1
157562.5087,92182.72021,3020.57,0.009000000000000001,2.005,0.23800000000000002,BTK,CPY,2,1
157563.2195,92180.4641,2963.01,0.009000000000000001,3.238,0.141,POT,CPY,2,1
157564.1892,92177.04888999999,2905.46,0.035,1.153,1.171,BTK,CPY,2,1
157564.9,92174.79277999999,2847.91,0.0,1.2209999999999999,1.564,BTK,CPY,2,1
157150.2612,92783.14207999999,3679.8,0.001,1.002,2.364,SCL,CPY,3,2
157147.538,92800.90144,3624.4,0.17800000000000002,1.126,1.281,BTK,CPY,3,3
157144.3628,92819.7578,3565.47,0.151,0.9309999999999999,0.516,BTK,BN,3,4
157139.8589,92846.88322999999,3478.9,0.255,1.159,0.252,BTK,BN,3,4
157134.9686,92873.88442,3395.98,0.002,1.403,0.222,BTK,CPY,3,3
157131.1792,92895.02795,3334.06,0.077,1.249,0.38299999999999995,BTK,CPY,3,3
157127.9074,92913.85325,3279.14,0.16,1.315,0.272,BTK,CPY,3,3
157117.7094,92966.47912,3139.27,0.0,0.6890000000000001,3.6510000000000002,SCL,CPY,3,2
157314.3077,92674.38634,3654.91,0.001,1.133,1.607,SCL,CPY,3,2
157313.4965,92680.33718,3595.78,0.008,1.115,0.65,SCL,CPY,3,2
157312.9752,92686.3812,3538.45,0.028999999999999998,0.95,0.418,BTK,CPY,3,3
157312.195,92693.58434,3481.13,0.048,1.3869999999999998,0.813,BTK,CPY,3,3
157311.3839,92699.53517999999,3423.8,0.179,1.167,0.183,BTK,BN,3,4
157310.7659,92705.54815,3366.51,0.038,1.4980000000000002,0.531,BTK,CPY,3,3
157309.7926,92712.68916000001,3309.29,0.14300000000000002,1.251,0.147,BTK,CPY,3,3
157308.3672,92720.92717000001,3250.3,0.0,1.055,3.0410000000000004,BTK,CPY,3,3
157306.6521,92729.07201,3193.18,0.0,0.7190000000000001,2.2880000000000003,SCL,CPY,3,2
156732.4993,93358.18655,3742.15,0.182,0.715,1.069,POT,BN,3,4
156728.934,93380.64447,3684.24,0.076,1.285,3.158,POT,CPY,3,3
156725.6275,93401.94329,3626.37,0.45,2.515,1.635,BTK,BN,3,4
156721.9657,93424.37015,3568.53,0.095,0.9490000000000001,0.396,POT,CPY,3,3
156713.9968,93470.25876,3453.33,0.106,1.112,4.671,BTK,CPY,3,3
156709.7863,93493.75157000001,3395.87,0.063,1.011,1.472,BTK,CPY,3,3
156221.8589,93052.36996,3650.75,0.114,0.496,0.7709999999999999,SCL,CPY,3,2
156222.5251,93094.82345,3420.0,0.33,0.632,0.39,POT,BN,3,4
155853.8737,92094.23231,3395.65,0.08,1.23,0.754,BTK,CPY,3,3
155853.2632,92092.79368,3280.47,0.023,0.9520000000000001,0.914,BTK,CPY,3,3
155853.2322,92091.54139,3222.87,0.18100000000000002,1.224,0.258,BTK,CPY,3,3
155853.2978,92090.32016,3165.27,0.052000000000000005,0.48200000000000004,2.687,POT,CPY,3,3
155853.0081,92090.22699,3107.68,0.165,0.5329999999999999,2.8739999999999997,POT,CPY,3,3
155852.9771,92088.9747,3050.08,0.01,0.41600000000000004,0.252,SCL,CPY,3,2
155852.6873,92088.88153,2992.49,0.038,0.562,0.8690000000000001,POT,CPY,3,3
155839.9988,92765.59928,3538.01,0.077,0.621,1.609,POT,CPY,3,3
155840.1919,92765.66139,3480.41,0.21,0.7929999999999999,0.9640000000000001,POT,BN,3,4
155840.4817,92765.75457,3422.81,0.228,0.716,1.047,BTK,BN,3,4
155840.7715,92765.84774,3365.21,0.593,0.6890000000000001,0.077,BTK,CPY,3,3
155841.6099,92764.87498,3307.62,0.556,1.1520000000000001,0.156,BTK,CPY,3,3
155887.3726,92511.24588999999,3510.3,0.217,0.831,1.867,BTK,CPY,3,3
155887.0518,92509.90043,3452.72,0.214,1.197,0.852,BTK,BN,3,4
155886.9243,92508.61708,3395.14,0.462,1.584,1.0070000000000001,BTK,BN,3,4
155886.9899,92507.39586,3337.55,0.282,0.941,0.324,BTK,BN,3,4
155887.3453,92506.2678,3279.96,0.308,1.3159999999999998,0.18,BTK,BN,3,4
155887.7007,92505.13975,3222.37,0.1,0.662,0.23399999999999999,POT,BN,3,4
155888.6357,92504.19805,3164.78,0.187,0.8590000000000001,0.293,BTK,BN,3,4
155944.7623,92289.92895,3510.43,0.034,0.87,0.883,BTK,CPY,3,3
155944.0898,92285.98575,3452.96,0.031,1.112,1.767,BTK,CPY,3,3
155942.9344,92281.88725,3395.53,0.037000000000000005,0.812,0.733,BTK,CPY,3,3
155941.3617,92276.41223,3336.34,0.10800000000000001,1.128,1.133,BTK,CPY,3,3
155939.4336,92272.06527,3278.98,0.063,1.109,2.985,BTK,BN,3,4
155936.4776,92264.90315,3192.93,0.196,1.276,4.187,POT,CPY,3,3
155935.0015,92259.45919,3135.54,0.261,0.521,0.35100000000000003,BTK,BN,3,4
155933.6529,92255.29857,3078.13,0.091,1.6680000000000001,1.4,BTK,CPY,3,3
156053.6406,92500.10632,3597.47,0.009000000000000001,0.848,0.348,SCL,CPY,3,2
156052.5979,92512.19437000001,3510.05,0.122,1.63,0.47100000000000003,BTK,CPY,3,3
156051.7211,92519.36644,3452.81,0.11,1.271,1.676,BTK,BN,3,4
156050.6512,92526.4764,3395.49,1.661,1.4709999999999999,0.3,BTK,BN,3,4
156050.3887,92531.36131000001,3339.91,0.147,1.089,1.014,POT,BN,3,4
156049.736,92539.84778,3251.99,0.192,1.18,0.272,BTK,BN,3,4
156050.0221,92543.66676000001,3194.54,0.057999999999999996,0.324,0.833,POT,BN,3,4
156050.5323,92548.80013999999,3137.09,0.389,1.1159999999999999,0.982,BTK,BN,3,4
156085.6525,92341.44231,3538.44,0.0,1.032,1.9140000000000001,SCL,CPY,3,2
156083.5126,92355.66222,3482.29,0.043,1.264,0.48100000000000004,SCL,CPY,3,2
156081.8556,92370.03743,3424.33,0.084,0.7170000000000001,0.46399999999999997,BTK,CPY,3,3
156110.3812,92864.9611,3683.0,0.0,0.708,2.2319999999999998,SCL,CPY,3,2
156110.0258,92866.08915,3625.42,0.0,0.0,0.0,SCL,CPY,3,2
156109.6048,92868.43843,3567.84,0.599,0.635,1.413,BTK,BN,3,4
156109.8289,92869.75284,3510.27,0.0,0.09300000000000001,4.452,BTK,BN,3,4
156110.1806,92872.35058,3452.71,0.184,0.868,2.755,POT,BN,3,4
156110.7911,92873.78922,3395.14,0.431,0.743,0.499,BTK,BN,3,4
156110.9496,92876.32485,3337.58,0.26899999999999996,0.655,0.365,BTK,BN,3,4
156111.0115,92878.82942000001,3280.01,0.222,0.972,0.415,BTK,BN,3,4
156164.6329,92625.24252999999,3625.94,0.08199999999999999,1.084,0.5820000000000001,BTK,CPY,3,3
156164.0496,92628.78198,3568.4,0.113,0.884,0.187,BTK,CPY,3,3
156163.3351,92634.76389,3451.54,0.359,0.755,0.81,BTK,BN,3,4
156162.8484,92638.3344,3392.22,0.075,1.391,0.08199999999999999,SCL,CPY,3,2
156162.4583,92641.93596,3336.48,0.055,1.188,0.068,SCL,BN,3,2
156162.81,92644.53371,3278.96,0.23399999999999999,1.169,0.306,BTK,BN,3,4
156163.5481,92647.25568999999,3221.43,0.38799999999999996,0.982,0.172,BTK,BN,3,4
156164.0273,92651.13678,3163.9,0.501,0.8370000000000001,0.278,BTK,BN,3,4
156216.6865,92393.51351,3596.97,0.002,1.162,1.8559999999999999,SCL,CPY,3,2
156216.362,92395.89385,3539.42,0.11,1.249,1.089,BTK,CPY,3,3
156216.424,92398.39842,3481.87,0.11,0.96,0.251,BTK,CPY,3,3
156216.6791,92400.96511,3424.31,0.13,1.6869999999999998,1.2919999999999998,BTK,CPY,3,3
156217.1273,92403.59391,3366.76,0.312,0.728,0.373,BTK,BN,3,4
156218.0276,92405.12573,3309.2,0.469,0.703,0.22899999999999998,BTK,BN,3,4
156219.0555,92407.94088,3251.66,0.35700000000000004,0.39899999999999997,0.14300000000000002,POT,CPY,3,3
156220.7595,92410.97344,3192.37,0.8190000000000001,0.597,0.25,BTK,BN,3,4
156223.043,92414.19235,3134.95,0.11199999999999999,0.595,0.305,POT,BN,3,4
156224.9711,92418.53932000001,3077.57,0.35,0.815,0.506,BTK,BN,3,4
156226.6405,92424.0454,3020.23,0.263,0.574,0.34700000000000003,BTK,BN,3,4
156228.503,92429.61359,2966.52,0.573,0.539,1.995,BTK,BN,3,4
156321.5325,93223.56003,3595.82,0.36,0.491,0.875,SCL,BN,3,2
156322.0464,93224.96761,3538.23,0.44799999999999995,0.945,0.982,BTK,BN,3,4
156323.816,93226.77894,3365.46,0.364,0.778,0.297,BTK,BN,3,4
156458.2125,92620.25331,3624.37,0.02,0.8859999999999999,0.34299999999999997,BTK,CPY,3,3
156457.2082,92626.14203999999,3567.03,0.069,0.9129999999999999,0.34299999999999997,BTK,CPY,3,3
156456.1072,92631.99971,3509.67,0.20199999999999999,0.799,0.496,BTK,BN,3,4
156455.1995,92637.9195,3452.28,0.10300000000000001,1.88,0.154,BTK,BN,3,4
156454.5506,92642.68018,3394.89,0.452,1.12,0.22899999999999998,BTK,BN,3,4
156453.7395,92648.63102,3337.48,0.39399999999999996,1.149,1.3459999999999999,POT,BN,3,4
156453.3804,92653.48487999999,3280.08,0.335,0.799,0.541,BTK,BN,3,4
156452.7624,92659.49784,3222.72,0.354,1.4180000000000001,0.125,BTK,BN,3,4
156451.9513,92665.44869,3165.38,0.16699999999999998,0.745,0.731,BTK,BN,3,4
156450.5915,92672.46547000001,3106.3,0.434,0.841,1.087,BTK,BN,3,4
156448.49,92680.48607,3049.11,0.048,0.746,0.98,BTK,CPY,3,3
156442.2497,93350.58084,3711.11,0.14800000000000002,0.612,0.5670000000000001,SCL,CPY,3,2
156440.106,93368.52656,3624.34,0.107,0.759,1.215,BTK,CPY,3,3
156439.2256,93379.42443,3567.65,0.326,0.551,0.672,BTK,BN,3,4
156438.3451,93390.3223,3510.85,0.19399999999999998,1.064,0.354,BTK,BN,3,4
156437.5612,93401.25123,3452.26,0.147,1.252,0.21899999999999997,BTK,CPY,3,3
156436.9705,93412.24227999999,3395.48,0.446,0.535,0.086,BTK,CPY,3,3
156490.3281,93132.48163,3740.23,0.008,0.95,0.642,SCL,CPY,3,2
156485.9207,93159.63811,3625.82,0.085,1.2,1.952,BTK,BN,3,4
156481.12699999998,93186.67036,3509.53,0.039,1.083,0.248,POT,BN,3,4
156478.9561,93199.63799,3453.05,0.185,1.545,0.198,BTK,BN,3,4
156474.6528,93219.37393999999,3364.96,0.083,0.991,0.135,BTK,BN,3,4
156583.2191,93354.91109,3740.32,0.214,0.304,0.9229999999999999,SCL,CPY,3,2
156583.0569,93356.10126,3653.93,0.179,0.86,0.11699999999999999,POT,BN,3,4
156582.6049,93357.19825,3596.34,0.08,1.32,0.534,POT,CPY,3,3
156582.1838,93359.54753,3538.77,0.237,1.054,1.494,BTK,BN,3,4
156581.4074,93363.02487000001,3452.43,0.27899999999999997,0.7040000000000001,0.409,BTK,BN,3,4
156581.2105,93366.68855,3394.91,0.233,0.69,0.16899999999999998,BTK,BN,3,4
156634.9829,93123.08889,3798.12,0.035,0.653,0.9620000000000001,SCL,CPY,3,2
156635.1414,93125.62452,3740.55,0.198,0.847,0.787,SCL,CPY,3,2
156635.5897,93128.25332999999,3683.0,0.191,1.006,0.991,SCL,CPY,3,2
156636.038,93130.88213,3625.46,0.19,1.198,1.8730000000000002,PPL,CPY,3,2
156636.6795,93133.57305,3567.91,0.059000000000000004,0.785,0.415,POT,CPY,3,3
156636.7724,93137.32991,3510.39,0.48700000000000004,0.6,0.55,BTK,BN,3,4
156636.5755,93140.99359,3452.88,0.135,0.594,1.4469999999999998,POT,CPY,3,3
156636.282,93144.62622,3395.41,0.306,0.6709999999999999,0.5660000000000001,BTK,CPY,3,3
156635.7296,93149.41795,3337.98,0.204,0.525,0.34600000000000003,BTK,BN,3,4
156634.9185,93155.3688,3280.61,0.316,0.42200000000000004,0.231,BTK,BN,3,4
156689.242,92875.91872,3736.33,0.006,0.937,1.08,SCL,CPY,3,2
156690.9188,92873.9732,3649.98,0.066,1.003,0.209,BTK,CPY,3,3
156692.4024,92871.96556,3592.42,0.177,2.003,0.237,BTK,BN,3,4
156694.8209,92869.01622,3506.09,0.174,1.185,0.226,BTK,BN,3,4
156697.2704,92867.31916,3419.78,0.07,0.74,0.111,POT,BN,3,4
156699.6889,92864.36982,3362.27,0.18600000000000003,0.7090000000000001,0.615,BTK,BN,3,4
156701.8486,92862.57959,3304.78,0.184,0.823,0.114,BTK,CPY,3,3
156704.074,92859.56813,3247.3,0.435,0.879,0.509,BTK,BN,3,4
156706.5581,92855.39756,3189.83,0.359,1.5519999999999998,0.273,BTK,BN,3,4
156708.7835,92852.3861,3132.42,0.10300000000000001,1.31,0.823,BTK,CPY,3,3
156733.0308,92631.59358,3653.78,0.0,1.033,2.332,SCL,CPY,3,2
156732.1961,92628.84054,3596.25,0.052000000000000005,0.9540000000000001,0.825,SCL,CPY,3,2
156731.4581,92626.11856,3538.71,0.08800000000000001,1.3359999999999999,1.5590000000000002,BTK,CPY,3,3
156730.6234,92623.36552,3481.17,0.363,1.176,0.46799999999999997,FIL,BN,3,2
156729.6921,92620.58142,3423.65,0.252,1.6019999999999999,0.17800000000000002,BTK,CPY,3,3
156727.795,92617.48675,3366.18,0.606,1.4040000000000001,0.085,BTK,BN,3,4
156725.0285,92614.11254,3308.79,0.306,1.122,0.09300000000000001,BTK,BN,3,4
156722.0378,92609.42394,3251.48,0.27399999999999997,1.485,0.213,BTK,BN,3,4
156717.888,92604.36262999999,3192.52,0.514,1.0859999999999999,0.33,BTK,BN,3,4
156713.0621,92599.08392,3135.51,0.231,1.212,0.36200000000000004,BTK,CPY,3,3
156706.5632,92592.02493,3077.13,0.2,1.32,0.17800000000000002,BTK,CPY,3,3
156699.0017,92584.6243,3020.89,0.251,1.268,0.64,BTK,CPY,3,3
156691.0229,92575.84714,2962.98,0.003,0.915,0.762,BTK,CPY,3,3
156682.6887,92568.19805,2905.06,0.040999999999999995,0.831,0.233,BTK,CPY,3,3
156673.8716,92560.39366,2847.31,0.031,1.1,0.42,BTK,CPY,3,3
156791.0533,92389.36047999999,3539.62,0.0,0.867,1.3769999999999998,SCL,CPY,3,2
156790.636,92387.98396,3482.04,0.015,1.4080000000000001,0.413,SCL,CPY,3,2
156789.8669,92384.0097,3365.09,0.38299999999999995,0.765,0.289,BTK,CPY,3,3
156789.7084,92381.47407000001,3307.52,0.389,0.986,0.32899999999999996,BTK,BN,3,4
156789.2911,92380.09755,3249.95,0.5820000000000001,0.715,0.35,BTK,BN,3,4
156789.06699999998,92378.78315,3192.37,0.48200000000000004,1.053,0.381,BTK,BN,3,4
156789.1982,92376.34069,3134.8,1.124,1.258,0.418,BTK,BN,3,4
156789.1673,92375.08841,3077.22,0.3,0.56,0.445,BTK,BN,3,4
156789.3951,92372.67701,3019.64,0.13699999999999998,0.895,0.5329999999999999,BTK,CPY,3,3
156789.2676,92371.39367,2962.06,0.028999999999999998,0.733,0.606,BTK,CPY,3,3
156788.9468,92370.0482,2913.48,0.038,1.3869999999999998,0.531,BTK,CPY,3,3
156769.5673,93167.60537,3797.76,0.07400000000000001,0.9520000000000001,0.302,BTK,BN,3,4
156770.2125,93166.57049,3740.18,0.135,1.205,1.6130000000000002,BTK,CPY,3,3
156771.1165,93164.3765,3682.6,0.316,0.977,0.184,BTK,BN,3,4
156773.2143,93160.0817,3567.48,0.109,1.008,1.213,SCL,CPY,3,2
156775.6985,93155.91113,3481.21,0.06,1.635,0.64,BTK,BN,3,4
156777.7307,93152.83755,3423.73,0.201,1.026,0.46799999999999997,BTK,CPY,3,3
156780.0216,93148.60487000001,3366.31,0.13,1.104,0.248,BTK,CPY,3,3
156782.4092,93144.40324,3308.95,0.11900000000000001,1.796,0.5670000000000001,BTK,CPY,3,3
156785.5076,93137.94551,3251.73,0.02,1.574,1.6480000000000001,BTK,CPY,3,3
156822.2847,92916.21247,3768.94,0.002,0.81,1.171,SCL,CPY,3,2
156822.5782,92912.57985,3713.22,0.006999999999999999,1.133,0.429,SCL,CPY,3,2
156823.0649,92909.00934,3653.92,0.19699999999999998,0.777,0.879,SCL,BN,3,2
156823.6482,92905.46989,3596.42,0.067,1.078,1.26,BTK,CPY,3,3
156824.328,92901.9615,3538.93,0.032,0.5710000000000001,0.428,POT,CPY,3,3
156824.9769,92897.20082,3481.45,0.474,0.52,0.804,BTK,BN,3,4
156825.5602,92893.66137,3423.96,0.368,0.52,0.23600000000000002,BTK,BN,3,4
156826.9818,92889.14916,3366.5,0.10800000000000001,1.195,0.21100000000000002,BTK,CPY,3,3
156828.4035,92884.63695,3309.08,0.031,1.3119999999999998,0.6609999999999999,BTK,CPY,3,3
156830.084,92878.96562999999,3249.9,0.13,0.7290000000000001,0.591,BTK,CPY,3,3
156831.7644,92873.29431,3192.57,0.001,1.476,1.215,BTK,CPY,3,3
156833.7037,92866.46387,3135.35,0.0,0.778,4.632,BTK,CPY,3,3
156960.2424,92969.26759,3768.31,0.015,1.048,2.508,SCL,CPY,3,2
156957.3917,92985.74361,3712.48,0.03,0.8390000000000001,1.148,SCL,CPY,3,2
156955.2518,92999.96352,3654.71,0.015,0.93,0.45399999999999996,SCL,CPY,3,2
156952.7565,93015.31149,3596.74,0.027000000000000003,0.971,1.69,SCL,CPY,3,2
156950.5856,93028.27912,3538.61,0.08800000000000001,1.057,0.738,BTK,CPY,3,3
156948.608,93041.30886,3480.37,0.214,0.8340000000000001,0.621,BTK,BN,3,4
156946.5337,93054.30755,3423.83,0.107,1.093,0.14800000000000002,BTK,CPY,3,3
156944.8148,93066.17817999999,3367.34,0.021,1.296,0.18,BTK,CPY,3,3
156943.1269,93079.30111,3309.16,0.013999999999999999,1.203,0.752,SCL,CPY,3,2
156940.987,93093.52102,3250.99,0.042,1.338,0.456,SCL,CPY,3,2
156939.0094,93106.55077,3194.58,0.0,1.288,1.7519999999999998,SCL,CPY,3,2
157474.6281,91942.02449,3337.11,0.0,1.159,5.073,FIL,CPY,3,2
157475.4974,91942.30402000001,3279.52,0.0,1.655,4.665,FIL,CPY,3,2
157476.9154,91941.51761,3221.95,0.0,1.472,6.973,FIL,CPY,3,2
157478.5265,91940.79331000001,3164.38,0.005,1.369,2.5,BTK,CPY,3,3
157480.1376,91940.06902000001,3106.82,0.0,0.981,3.3310000000000004,BTK,CPY,2,1
157481.7487,91939.34472000001,3049.26,0.0,0.929,2.9730000000000003,SCL,CPY,2,1
157483.101,91939.77954,2998.9,0.0,0.9,2.88,BTK,CPY,2,1
157411.3249,92893.17322000001,3712.21,0.0,0.7509999999999999,1.6030000000000002,SCL,CPY,3,2
157410.7726,92897.96496,3654.81,0.003,0.7170000000000001,1.564,BTK,CPY,3,3
157410.0581,92903.94686,3595.62,0.0,0.746,1.5659999999999998,BTK,CPY,3,3
157409.4401,92909.95982,3538.22,0.001,1.074,4.4110000000000005,SCL,CPY,3,2
157408.7219,92919.66752999999,3423.42,0.0,1.272,1.2570000000000001,SCL,CPY,3,2
157408.0073,92925.64942999999,3366.02,0.0,1.038,1.1320000000000001,SCL,CPY,3,2
157600.6084,91991.22838,3193.9,0.0,1.268,5.767,BTK,CPY,2,1
157600.3842,91989.91398,3136.31,0.0,1.001,1.464,POT,CPY,2,1
157600.1601,91988.59958,3078.73,0.0,1.131,1.2009999999999998,BTK,CPY,2,1
157600.0325,91987.31623,3021.14,0.0,2.327,2.645,BTK,CPY,2,1
157599.5496,91987.16094,2963.55,0.0,2.977,7.941,FIL,CPY,2,1
157599.6152,91985.93971,2905.95,0.0,2.693,2.6710000000000003,POT,CPY,2,1
157599.3254,91985.84654,2848.35,0.0,1.443,1.474,BTK,CPY,2,1
157599.2288,91985.81547999999,2790.76,0.0,1.5530000000000002,2.739,BTK,CPY,2,1
157599.2288,91985.81547999999,2740.36,0.0,0.611,5.422000000000001,BTK,CPY,2,1
157650.3435,92437.06683,3653.88,0.0,0.7509999999999999,3.9810000000000003,SCL,CPY,3,2
157647.2178,92438.54647999999,3596.42,0.0,0.8240000000000001,2.968,SCL,CPY,3,2
157643.9646,92438.74279,3538.98,0.005,0.887,2.8680000000000003,SCL,CPY,3,2
157640.2285,92438.7838,3481.57,0.0,1.092,1.829,SCL,CPY,2,1
157636.0403,92439.92181,3424.2,0.0,1.236,0.489,SCL,CPY,2,1
157631.628,92439.74541,3365.08,0.005,2.177,0.23399999999999999,BTK,CPY,2,1
157626.6981,92441.88724,3307.79,0.005,1.462,0.273,BTK,CPY,2,1
157621.9304,92442.83889,3250.52,0.0,1.578,0.38799999999999996,BTK,CPY,2,1
157616.7763,92443.66632,3193.31,0.001,1.7519999999999998,0.39899999999999997,BTK,CPY,2,1
157610.97699999998,92445.52862000001,3136.17,0.0,1.6569999999999998,0.778,BTK,CPY,2,1
157702.0949,92185.36335,3452.61,0.002,1.113,4.7989999999999995,SCL,CPY,2,1
157700.7773,92182.45502000001,3395.08,0.001,1.199,2.254,FIL,CPY,2,1
157699.6528,92179.60881,3336.65,0.008,1.482,1.651,FIL,CPY,2,1
157698.3662,92177.95277,3280.01,0.0,1.954,2.222,SCL,CPY,2,1
157697.3693,92176.3899,3222.45,0.0,2.4459999999999997,2.73,BTK,CPY,2,1
157697.0176,92173.79215,3164.88,0.0,3.611,3.57,BTK,CPY,2,1
157696.5037,92172.38457000001,3107.3,0.0,3.5069999999999997,1.492,BTK,CPY,2,1
157696.1829,92171.03911,3049.73,0.0,2.645,0.873,SCL,CPY,2,1
157696.12099999998,92168.53454,2992.16,0.02,1.1440000000000001,0.662,BTK,CPY,2,1
157696.2523,92166.09208999999,2934.6,0.001,1.744,1.962,BTK,CPY,2,1
157697.2876,92161.45564,2848.33,0.0,0.509,5.521,SCL,CPY,2,1
157586.3854,92753.17364,3596.25,0.0,0.746,3.7739999999999996,SCL,CPY,3,2
157586.934,92752.10771,3538.66,0.0,1.367,2.428,SCL,CPY,3,2
157588.4176,92750.10007,3423.48,0.0,1.251,1.266,BTK,CPY,2,1
157589.5148,92747.96819,3365.91,0.063,1.215,1.7719999999999998,BTK,CPY,2,1
157591.2881,92746.05373,3252.56,0.0,0.865,3.122,BTK,CPY,2,1
155452.8037,92499.47518,3481.92,0.14300000000000002,1.0979999999999999,2.425,BTK,CPY,3,3
155448.7233,92489.46685,3307.66,0.248,1.003,0.05,BTK,BN,3,4
158296.1911,92808.71981000001,3799.92,0.0,0.7170000000000001,6.41,FIL,OX,2,1
157891.5502,92015.20697999999,3307.88,0.0,0.688,6.912000000000001,FIL,CPY,2,1
156560.421,92800.95478,3734.83,0.11699999999999999,0.765,0.085,SCL,CPY,3,2
156560.3244,92800.92372,3709.63,0.165,0.5479999999999999,0.13,SCL,CPY,3,2
156560.1312,92800.8616,3684.43,0.18899999999999997,0.677,0.79,SCL,CPY,3,2
156559.938,92800.79949,3659.24,0.125,0.498,0.376,SCL,CPY,3,2
156559.6482,92800.70631000001,3608.84,0.25,0.8290000000000001,0.9690000000000001,BTK,BN,3,4
156559.5517,92800.67525,3598.04,0.381,1.088,0.037000000000000005,BTK,BN,3,4
156559.4551,92800.6442,3587.24,0.547,0.98,0.195,BTK,BN,3,4
156559.3585,92800.61314,3576.44,0.345,0.639,0.08900000000000001,BTK,BN,3,4
156559.1653,92800.55102,3565.64,0.48,1.1320000000000001,0.045,BTK,BN,3,4
156558.9721,92800.4889,3544.05,0.536,0.7959999999999999,0.028999999999999998,BTK,BN,3,4
156558.7789,92800.42679,3529.65,0.222,1.396,0.09300000000000001,BTK,BN,3,4
156558.6823,92800.39572999999,3518.85,0.244,1.111,0.027000000000000003,BTK,BN,3,4
156558.5857,92800.36467000001,3508.05,0.114,0.5870000000000001,0.032,BTK,BN,3,4
156558.4891,92800.33361,3497.25,0.25,1.3230000000000002,0.028999999999999998,BTK,BN,3,4
156558.6514,92799.14344,3482.85,0.10300000000000001,1.294,0.161,BTK,BN,3,4
156558.4582,92799.08133,3461.25,0.28600000000000003,0.8809999999999999,0.042,BTK,BN,3,4
156558.3616,92799.05027,3450.45,0.09,0.61,0.015,BTK,BN,3,4
156558.265,92799.01921,3439.65,0.11900000000000001,0.485,0.019,BTK,BN,3,4
156558.1684,92798.98815,3428.85,0.345,0.547,0.026000000000000002,BTK,BN,3,4
156558.0718,92798.95709,3418.06,0.266,0.7490000000000001,0.021,BTK,CPY,3,3
156557.782,92798.86392,3385.66,0.49,0.5660000000000001,0.03,BTK,CPY,3,3
156557.6854,92798.83286000001,3374.86,0.213,1.206,0.057999999999999996,BTK,CPY,3,3
156557.4923,92798.77073999999,3346.06,0.308,0.48100000000000004,0.033,BTK,BN,3,4
156557.3957,92798.73969,3335.26,0.08900000000000001,0.462,0.036000000000000004,BTK,BN,3,4
156557.2025,92798.67757,3306.46,0.379,0.52,0.031,BTK,CPY,3,3
156557.0093,92798.61545,3284.86,0.5479999999999999,0.385,0.121,BTK,CPY,3,3
156556.8161,92798.55334,3266.87,0.828,0.38299999999999995,0.05,BTK,BN,3,4
156556.9783,92797.36317000001,3256.07,0.611,0.7190000000000001,0.03,BTK,BN,3,4
156556.9783,92797.36317000001,3245.27,0.8190000000000001,0.826,0.033,BTK,BN,3,4
156556.7851,92797.30105,3234.47,0.541,0.6629999999999999,0.021,BTK,BN,3,4
156556.6886,92797.26999,3223.67,0.5589999999999999,0.8240000000000001,0.013000000000000001,BTK,BN,3,4
156556.592,92797.23892999999,3212.87,0.8079999999999999,0.501,0.02,BTK,BN,3,4
156556.4954,92797.20788,3202.07,0.33,0.44799999999999995,0.026000000000000002,BTK,BN,3,4
156556.3022,92797.14576,3191.27,0.33,1.185,0.073,BTK,BN,3,4
156556.2056,92797.1147,3180.48,0.369,0.597,0.037000000000000005,BTK,BN,3,4
156556.2056,92797.1147,3169.68,0.601,0.342,0.057,BTK,BN,3,4
156556.0124,92797.05257999999,3151.68,0.518,0.629,0.042,BTK,BN,3,4
156555.9158,92797.02153,3140.88,0.569,0.373,0.026000000000000002,BTK,BN,3,4
156555.8192,92796.99047,3130.08,0.348,0.242,0.016,BTK,BN,3,4
156555.626,92796.92835,3119.28,0.435,1.227,0.031,BTK,BN,3,4
156723.1773,92015.95592000001,3327.03,0.062,0.8059999999999999,0.6990000000000001,SCL,CPY,3,2
156722.8566,92014.61046,3301.86,0.11900000000000001,1.002,2.234,SCL,CPY,3,2
156722.5359,92013.265,3274.89,0.163,0.546,0.369,BTK,CPY,3,3
156722.3117,92011.95059,3246.12,0.085,0.7040000000000001,0.524,BTK,CPY,3,3
156721.991,92010.60513,3217.36,0.063,0.7090000000000001,0.365,BTK,CPY,3,3
156721.96,92009.35285,3202.97,0.358,0.6809999999999999,0.07,BTK,CPY,3,3
156721.7049,92006.78616,3159.83,0.086,1.01,0.26899999999999996,BTK,CPY,3,3
156721.4808,92005.47176,3131.06,0.14300000000000002,0.9490000000000001,0.113,BTK,CPY,3,3
156722.0294,92004.40582,3107.68,0.1,0.504,0.024,POT,CPY,3,3
156722.1916,92003.21565,3082.51,0.396,0.589,0.049,BTK,BN,3,4
156721.9984,92003.15353,3071.73,0.174,0.42100000000000004,0.03,BTK,BN,3,4
156721.8052,92003.09142000001,3060.93,0.523,0.541,0.033,BTK,BN,3,4
156721.8709,92001.87019,3050.15,0.327,0.44,0.028999999999999998,BTK,BN,3,4
156721.4845,92001.74596,3032.17,0.275,0.657,0.064,BTK,BN,3,4
156721.5501,92000.52472999999,3021.38,0.361,0.748,0.03,BTK,BN,3,4
156721.3569,92000.46261,3010.59,0.479,0.6609999999999999,0.044000000000000004,BTK,BN,3,4
156721.4226,91999.24139,2999.8,0.185,0.619,0.028999999999999998,BTK,BN,3,4
156721.326,91999.21033,2989.02,0.076,0.638,0.248,BTK,BN,3,4
156721.1984,91997.92697999999,2962.05,0.08900000000000001,0.314,0.7859999999999999,BTK,CPY,3,3
156721.1675,91996.6747,2947.67,0.076,0.603,0.21600000000000003,BTK,CPY,3,3
156720.8467,91995.32923999999,2915.3,0.098,0.612,0.047,BTK,CPY,3,3
156720.7501,91995.29818,2900.91,0.05,0.53,0.024,BTK,CPY,3,3
156720.8158,91994.07695,2886.53,0.034,0.765,0.981,BTK,CPY,3,3
156720.5916,91992.76255,2857.76,0.272,1.138,0.061,BTK,CPY,3,3
156796.2294,93044.49114,3806.25,0.067,0.775,0.615,SCL,CPY,3,2
156796.1638,93045.71236,3781.05,0.259,0.563,0.028999999999999998,SCL,CPY,3,2
156796.1638,93045.71236,3755.85,0.11199999999999999,1.006,0.18600000000000003,SCL,BN,3,2
156796.1638,93045.71236,3730.65,0.109,0.769,0.158,SCL,BN,3,2
156795.8084,93046.84042000001,3662.26,0.136,0.49200000000000005,0.16899999999999998,BTK,BN,3,4
156795.7427,93048.06164,3615.46,0.461,0.295,0.052000000000000005,BTK,BN,3,4
156795.7427,93048.06164,3604.67,0.2,1.04,0.115,BTK,BN,3,4
156795.9359,93048.12376,3583.07,0.109,0.998,0.09300000000000001,BTK,BN,3,4
156795.9359,93048.12376,3566.87,0.14800000000000002,1.147,1.9240000000000002,BTK,BN,3,4
156795.7737,93049.31392999999,3480.48,0.397,0.527,0.023,BTK,BN,3,4
156795.6771,93049.28287000001,3464.28,0.365,0.336,0.013999999999999999,BTK,BN,3,4
156795.3217,93050.41092000001,3426.48,0.062,1.129,0.5720000000000001,BTK,BN,3,4
156795.3217,93050.41092000001,3412.08,0.547,0.446,0.019,BTK,BN,3,4
156795.4183,93050.44197999999,3397.69,0.28,0.46,0.10800000000000001,BTK,BN,3,4
156795.4183,93050.44197999999,3383.29,0.389,0.59,0.187,BTK,BN,3,4
156795.2561,93051.63215,3354.49,0.129,0.41600000000000004,0.195,BTK,BN,3,4
156794.7075,93052.69808999999,3253.7,0.079,0.8420000000000001,0.43799999999999994,BTK,CPY,3,3
156971.9403,92252.47669,3543.31,0.11599999999999999,1.0090000000000001,1.189,SCL,CPY,3,2
156971.6505,92252.38351,3482.11,0.08199999999999999,1.0759999999999998,2.695,SCL,CPY,3,2
156971.5539,92252.35246000001,3456.91,0.061,0.9620000000000001,0.73,SCL,CPY,3,2
156971.4574,92252.3214,3431.71,0.096,0.774,0.828,SCL,CPY,3,2
156971.3608,92252.29033999999,3401.11,0.094,0.97,0.177,BTK,CPY,3,3
156971.2642,92252.25928,3366.91,0.157,1.205,0.7170000000000001,SCL,CPY,3,2
156971.1676,92252.22822,3330.91,0.38799999999999996,0.884,0.045,BTK,BN,3,4
156971.071,92252.19716,3320.12,0.6890000000000001,0.9640000000000001,0.08199999999999999,BTK,BN,3,4
156970.9744,92252.16611,3309.32,0.49,0.813,0.05,BTK,BN,3,4
156970.9744,92252.16611,3291.32,0.44,1.05,0.057,BTK,BN,3,4
156970.9744,92252.16611,3280.52,0.201,1.621,0.981,BTK,BN,3,4
156970.9744,92252.16611,3269.72,0.8240000000000001,1.088,0.034,BTK,BN,3,4
156970.9744,92252.16611,3258.92,0.489,0.866,0.066,BTK,BN,3,4
156970.9744,92252.16611,3248.12,0.331,1.065,0.023,BTK,BN,3,4
156970.9744,92252.16611,3237.32,0.728,0.753,0.027999999999999997,BTK,BN,3,4
156970.9744,92252.16611,3215.72,0.767,0.38299999999999995,0.019,BTK,BN,3,4
156970.9744,92252.16611,3204.92,0.213,0.637,0.031,BTK,BN,3,4
156970.9744,92252.16611,3194.12,0.66,0.813,0.018000000000000002,BTK,BN,3,4
156970.9744,92252.16611,3183.32,0.858,1.504,0.038,BTK,BN,3,4
156970.9744,92252.16611,3158.12,0.39,1.181,0.034,BTK,BN,3,4
156970.8778,92252.13505,3147.32,0.358,1.442,0.043,BTK,BN,3,4
156970.9744,92252.16611,3136.52,0.16399999999999998,0.691,0.019,BTK,BN,3,4
156970.619,92253.29416,3122.12,0.612,0.292,0.027000000000000003,BTK,BN,3,4
156970.5224,92253.2631,3100.52,0.654,0.865,0.045,BTK,BN,3,4
156970.4258,92253.23204,3071.72,0.36700000000000005,0.636,0.03,BTK,BN,3,4
156970.2326,92253.16992,3014.12,0.094,1.5519999999999998,0.613,BTK,CPY,3,3
156970.136,92253.13887000001,2990.72,0.159,0.698,0.065,BTK,CPY,3,3
157390.5082,92322.46137,3500.65,0.08199999999999999,0.568,1.085,BTK,CPY,3,3
157390.4116,92322.43031,3486.25,0.141,0.469,0.794,BTK,CPY,3,3
157388.19,92321.71597,3306.27,0.099,1.7369999999999999,0.032,BTK,CPY,3,3
157387.9968,92321.65385,3291.88,0.22,1.492,0.022000000000000002,BTK,CPY,3,3
157387.2241,92321.40538,3236.09,0.4,1.5419999999999998,0.031,SCL,CPY,3,2
157386.2891,92322.34709,3185.69,0.88,1.175,0.025,BTK,CPY,3,3
157386.0959,92322.28497000001,3174.9,0.516,1.483,0.057999999999999996,BTK,BN,3,4
157385.8061,92322.1918,3149.7,0.57,0.965,0.013999999999999999,SCL,BN,3,2
157385.13,92321.97439,3102.91,0.07400000000000001,0.867,0.032,BTK,CPY,2,1
157384.5504,92321.78804,3061.51,0.174,1.954,0.073,BTK,CPY,2,1
157631.2342,92543.97461,3516.57,0.14300000000000002,0.7659999999999999,1.058,SCL,CPY,3,2
157631.1066,92542.69127000001,3440.98,0.36,1.423,0.053,POT,BN,2,1
157630.755,92540.09352000001,3273.6,0.001,1.7280000000000002,1.057,BTK,CPY,2,1
157630.5618,92540.03141,3244.8,0.102,0.977,0.29,BTK,CPY,2,1
157736.0906,92072.06115,3299.11,0.17600000000000002,1.254,1.251,BTK,CPY,2,1
157736.2528,92070.87097999999,3268.51,0.17,1.3430000000000002,0.621,SCL,CPY,2,1
157736.0596,92070.80886,3227.11,0.149,1.23,1.235,BTK,CPY,2,1
157735.8664,92070.74675,3198.31,0.10099999999999999,1.1159999999999999,0.251,BTK,CPY,2,1
157735.3835,92070.59146,3137.12,0.0,2.0580000000000003,1.043,SCL,CPY,2,1
157735.2869,92070.5604,3113.72,0.1,3.0010000000000003,2.668,POT,CPY,2,1
157735.1903,92070.52934,3102.92,0.128,1.9769999999999999,0.405,POT,CPY,2,1
157735.1903,92070.52934,3092.12,0.114,2.49,1.5430000000000001,POT,CPY,2,1
157735.4491,92069.37023,3081.32,0.099,2.58,0.278,POT,CPY,2,1
157735.3525,92069.33917,3070.52,0.235,3.175,1.646,POT,CPY,2,1
157735.2559,92069.30811,3059.72,0.10099999999999999,2.388,0.8370000000000001,POT,CPY,2,1
157734.77300000002,92069.15282,3005.72,0.299,2.4419999999999997,0.3,POT,CPY,2,1
157734.6764,92069.12176000001,2994.93,0.152,1.646,2.037,POT,CPY,2,1
157734.4832,92069.05965,2984.13,0.111,1.695,0.7929999999999999,POT,CPY,2,1
157734.3866,92069.02859,2973.33,0.213,1.495,0.15,POT,CPY,2,1
157733.7104,92068.81117999999,2928.34,0.09,0.823,0.369,BTK,CPY,2,1
157733.6795,92067.55889,2913.94,0.165,0.586,0.5,BTK,CPY,2,1
156122.1061,92831.46116,3601.98,0.282,0.523,0.07200000000000001,SCL,CPY,3,2
156122.137,92832.71345,3540.78,0.6679999999999999,0.105,0.016,BTK,BN,3,4
156122.137,92832.71345,3529.98,0.441,0.435,1.053,BTK,BN,3,4
156122.2336,92832.74451,3519.19,0.41100000000000003,0.9359999999999999,0.11900000000000001,BTK,CPY,3,3
156122.2336,92832.74451,3508.39,0.142,0.767,0.16,BTK,CPY,3,3
156122.3302,92832.77556000001,3497.59,0.397,0.306,0.02,BTK,BN,3,4
156122.4268,92832.80662,3486.79,0.45299999999999996,0.145,0.02,BTK,BN,3,4
156122.2646,92833.99679,3457.99,0.237,1.399,2.06,POT,CPY,3,3
156122.4578,92834.05891,3436.4,0.43700000000000006,0.9229999999999999,0.102,BTK,CPY,3,3
156122.4578,92834.05891,3425.6,0.215,0.545,0.244,BTK,BN,3,4
156122.5544,92834.08997,3414.8,0.413,0.475,0.436,BTK,BN,3,4
156122.2955,92835.24908,3404.0,0.34600000000000003,0.33299999999999996,0.07200000000000001,BTK,BN,3,4
156122.3921,92835.28014,3382.4,0.46799999999999997,0.735,0.022000000000000002,POT,BN,3,4
156122.4887,92835.31119,3371.61,0.134,1.229,0.043,POT,CPY,3,3
156122.4887,92835.31119,3360.81,0.154,1.004,0.057999999999999996,POT,CPY,3,3
156122.5853,92835.34225,3350.01,0.326,0.56,0.081,POT,BN,3,4
156122.6819,92835.37331,3339.21,0.502,0.8190000000000001,0.013999999999999999,BTK,BN,3,4
156122.5197,92836.56348,3306.81,0.763,0.655,0.027999999999999997,POT,BN,3,4
156122.6163,92836.59453999999,3285.21,0.084,0.532,0.031,POT,BN,3,4
156122.6163,92836.59453999999,3263.61,0.501,0.988,0.046,BTK,BN,3,4
156122.6163,92836.59453999999,3252.82,0.963,1.208,0.03,BTK,BN,3,4
156122.4541,92837.78471,3242.02,0.8240000000000001,0.40399999999999997,0.045,BTK,BN,3,4
155938.8107,92347.64719,3517.03,0.001,0.7020000000000001,0.401,BTK,CPY,3,3
155938.7141,92347.61613,3499.15,0.055999999999999994,0.644,0.265,BTK,CPY,3,3
155938.7797,92346.3949,3455.97,0.17600000000000002,1.024,0.085,BTK,CPY,3,3
155938.9419,92345.20473,3441.57,0.152,0.605,0.09699999999999999,BTK,CPY,3,3
155938.7487,92345.14262,3410.98,0.040999999999999995,0.519,0.025,POT,BN,3,4
155938.6212,92343.85927,3360.6,0.319,0.736,0.157,BTK,CPY,3,3
155938.88,92342.70016000001,3346.21,0.431,0.66,0.243,BTK,CPY,3,3
155938.7834,92342.6691,3335.41,0.6809999999999999,0.635,0.10300000000000001,BTK,BN,3,4
155938.7834,92342.6691,3324.61,0.247,0.563,0.598,BTK,BN,3,4
155938.9456,92341.47893,3313.82,0.695,0.187,0.28,BTK,BN,3,4
155938.9456,92341.47893,3303.02,0.257,0.268,1.892,BTK,BN,3,4
155938.9456,92341.47893,3292.23,0.307,0.752,0.064,BTK,BN,3,4
155939.1079,92340.28876,3281.43,0.445,0.527,0.019,BTK,BN,3,4
155939.1079,92340.28876,3270.64,0.243,0.574,0.035,BTK,BN,3,4
155939.0113,92340.25771,3256.24,0.115,0.889,0.247,POT,CPY,3,3
155939.0113,92340.25771,3245.44,0.094,0.299,0.725,POT,CPY,3,3
155939.1079,92340.28876,3234.65,0.035,0.865,0.43700000000000006,POT,CPY,3,3
155507.4195,92282.23564,3447.99,0.0,0.669,0.7879999999999999,BTK,CPY,3,3
155506.326,92280.64172,3350.81,0.131,0.23399999999999999,0.035,BTK,CPY,3,3
155506.1328,92280.5796,3338.21,0.027000000000000003,0.41600000000000004,1.189,BTK,CPY,3,3
155505.4567,92280.36219,3289.62,0.023,0.41600000000000004,0.222,POT,CPY,3,3
155505.1669,92280.26902,3268.03,0.396,0.348,0.136,BTK,BN,3,4
155504.6839,92280.11372000001,3228.43,0.08199999999999999,0.42200000000000004,0.122,BTK,BN,3,4
155504.2666,92278.73721,3167.24,0.331,0.67,0.42,BTK,BN,3,4
156390.579,92907.84702999999,3737.34,0.001,0.525,0.2,SCL,CPY,3,2
156390.579,92907.84702999999,3726.54,0.0,0.644,0.9359999999999999,SCL,CPY,3,2
156390.579,92907.84702999999,3717.54,0.031,0.607,0.335,SCL,CPY,3,2
156390.2892,92907.75385,3670.74,0.32,0.574,0.157,BTK,CPY,3,3
156389.9994,92907.66068,3605.94,0.503,0.743,0.098,BTK,CPY,3,3
156389.9028,92907.62962,3584.34,0.11,0.767,0.581,BTK,CPY,3,3
156389.7096,92907.5675,3515.95,0.5670000000000001,0.705,0.057999999999999996,BTK,BN,3,4
156389.2576,92908.6645,3458.35,0.153,1.819,0.054000000000000006,POT,CPY,3,3
156389.2576,92908.6645,3447.55,0.496,0.281,0.046,POT,CPY,3,3
156389.161,92908.63343999999,3397.15,0.821,1.081,0.019,BTK,BN,3,4
156389.0644,92908.60238,3343.15,0.602,0.31,0.022000000000000002,BTK,BN,3,4
156388.6124,92909.69937,3296.35,0.7090000000000001,1.123,0.175,BTK,BN,3,4
156388.6124,92909.69937,3281.96,0.078,1.6669999999999998,0.602,BTK,BN,3,4
156388.3227,92909.6062,3227.96,0.24600000000000002,1.295,0.106,BTK,BN,3,4
156387.8707,92910.70319,3184.76,0.081,0.525,2.4730000000000003,BTK,BN,3,4
156538.7485,92280.90336,3623.73,0.001,0.33899999999999997,1.011,SCL,PPY,3,2
156538.9417,92280.96548,3612.93,0.0,0.27899999999999997,0.831,SCL,PPY,3,2
156540.294,92281.40028999999,3488.74,0.001,0.8590000000000001,0.442,BTK,CPY,3,3
156540.3906,92281.43135,3477.95,0.005,0.938,0.642,BTK,CPY,3,3
156540.5838,92281.49347,3459.95,0.001,1.4140000000000001,0.16,SCL,CPY,3,2
156541.6153,92280.58282000001,3362.75,0.002,1.386,0.322,SCL,CPY,3,2
156541.7119,92280.61387999999,3341.15,0.187,1.558,0.124,SCL,CPY,3,2
156541.8085,92280.64494,3330.35,0.207,1.12,0.087,SCL,CPY,3,2
156541.9051,92280.67599999999,3319.55,0.057999999999999996,1.665,0.11,BTK,CPY,3,3
156542.0983,92280.73812000001,3297.96,0.122,1.5830000000000002,0.17600000000000002,BTK,CPY,3,3
157111.716,92258.90775,3495.58,0.001,0.43,0.9079999999999999,BTK,CPY,3,3
157111.233,92258.75246,3452.38,0.001,0.42700000000000005,2.97,BTK,CPY,3,3
157110.781,92259.84945,3436.18,0.002,1.073,0.95,FIL,CPY,3,2
157110.6844,92259.81839,3427.19,0.002,1.0,1.2770000000000001,FIL,CPY,3,2
157110.6844,92259.81839,3419.99,0.006,1.5390000000000001,1.04,FIL,CPY,3,2
157108.5904,92260.3874,3268.81,0.479,1.91,0.107,BTK,CPY,3,3
157108.3006,92260.29422000001,3243.61,0.156,1.5730000000000002,0.619,BTK,CPY,3,3
157107.9142,92260.16999,3211.22,0.308,1.5390000000000001,0.025,BTK,CPY,3,3
155595.7038,92570.26975,3469.09,0.033,1.0590000000000002,1.368,SCL,CPY,3,2
155595.6072,92570.23869,3454.7,0.059000000000000004,0.657,2.0709999999999997,SCL,CPY,3,2
155595.5106,92570.20764,3407.0,0.1,0.5429999999999999,1.5519999999999998,SCL,CPY,3,2
155595.414,92570.17658,3393.5,0.018000000000000002,0.8909999999999999,1.525,SCL,CPY,3,2
157001.1507,92771.22485,3781.38,0.008,0.5489999999999999,0.843,SCL,CPY,3,2
157000.8609,92771.13167999999,3747.18,0.001,0.9940000000000001,0.61,SCL,CPY,3,2
157000.7643,92771.10062000001,3736.38,0.0,0.945,0.385,SCL,CPY,3,2
157000.6678,92771.06956,3725.58,0.0,1.345,0.743,SCL,CPY,3,2
157000.5712,92771.0385,3712.98,0.009000000000000001,1.119,0.8740000000000001,SCL,CPY,3,2
157000.2814,92770.94533,3687.79,0.004,0.917,0.6920000000000001,SCL,CPY,3,2
156999.5396,92771.94915,3622.99,0.002,0.865,0.506,SCL,CPY,3,2
156999.3155,92770.63475,3583.4,0.154,1.033,0.556,BTK,CPY,3,3
156999.0257,92770.54157,3551.0,0.114,1.085,1.004,BTK,CPY,3,3
155851.6233,92735.79407999999,3581.85,0.001,0.514,1.018,SCL,CPY,3,2
155851.5267,92735.76302,3572.85,0.009000000000000001,0.54,0.14800000000000002,SCL,CPY,3,2
155851.5267,92735.76302,3526.95,0.184,0.523,0.91,BTK,CPY,3,3
155851.5267,92735.76302,3473.85,0.087,1.0959999999999999,0.475,BTK,CPY,3,3
155851.5267,92735.76302,3412.65,0.49200000000000005,0.54,0.042,BTK,CPY,3,3
155851.2679,92736.92212999999,3369.46,0.11599999999999999,1.175,0.12300000000000001,BTK,BN,3,4
155851.2679,92736.92212999999,3328.06,0.516,1.298,0.042,BTK,BN,3,4
155851.2679,92736.92212999999,3302.86,0.319,1.671,0.036000000000000004,BTK,BN,3,4
157244.372,92977.39013,3790.66,0.022000000000000002,0.509,0.307,SCL,PPY,3,2
157243.6959,92977.17272999999,3697.06,0.016,0.812,0.7390000000000001,SCL,CPY,3,2
157242.4402,92976.76897,3581.88,0.01,0.867,0.298,BTK,CPY,3,3
157241.764,92976.55156,3529.68,0.062,1.511,0.185,BTK,CPY,3,3
157241.6674,92976.5205,3520.69,0.022000000000000002,1.3619999999999999,0.69,BTK,CPY,3,3
157241.3777,92976.42732999999,3504.49,0.026000000000000002,1.6369999999999998,0.721,SCL,CPY,3,2
157240.3151,92976.08568999999,3419.9,0.003,2.13,1.2770000000000001,SCL,CPY,3,2
158118.6566,92329.24285,3699.6,0.006,0.7070000000000001,7.148,FIL,PPY,2,1
158119.2671,92330.68149,3552.01,0.009000000000000001,0.44799999999999995,8.94,SCL,CPY,2,1
158119.3637,92330.71254,3541.21,0.019,0.76,9.748,SCL,CPY,2,1
158119.5569,92330.77466,3496.21,0.005,0.8340000000000001,6.412000000000001,BTK,CPY,2,1
158119.7154,92333.31029,3287.42,0.078,1.099,10.412,FIL,CPY,2,1
158119.812,92333.34135,3255.02,0.001,1.7919999999999998,9.135,FIL,CPY,2,1
156072.74,92338.53278,3601.52,0.0,0.594,1.422,SCL,PPY,3,2
156072.8056,92337.31155,3590.72,0.0,0.6920000000000001,2.062,SCL,CPY,3,2
156072.7091,92337.2805,3579.92,0.0,0.494,1.217,SCL,CPY,3,2
156072.0329,92337.06309,3534.94,0.008,1.094,0.478,SCL,CPY,3,2
156069.5562,92333.78206,3380.2,0.098,0.774,0.047,BTK,CPY,3,3
157846.3002,92239.18497,3627.42,0.003,0.41600000000000004,3.8110000000000004,SCL,CPY,2,1
157845.3343,92238.87439,3499.63,0.0,1.033,1.169,SCL,CPY,2,1
157845.2377,92238.84332999999,3488.83,0.032,0.795,2.017,SCL,CPY,2,1
157845.1411,92238.81227000001,3478.03,0.0,1.389,1.595,SCL,CPY,2,1
157843.8544,92237.15623,3289.05,0.011000000000000001,1.819,2.699,POT,CPY,2,1
157843.3715,92237.00094,3206.25,0.002,2.085,1.4569999999999999,SCL,CPY,2,1
157843.1783,92236.93882000001,3146.85,0.002,3.235,2.01,POT,CPY,2,1
157843.0817,92236.90776,3123.45,0.002,2.964,0.7979999999999999,BTK,CPY,2,1
157842.4055,92236.69035,2961.45,0.001,0.28600000000000003,5.917999999999999,SCL,CPY,2,1
157842.3089,92236.6593,2950.65,0.006999999999999999,0.254,7.8629999999999995,SCL,CPY,2,1
156209.4978,92432.19899,3588.41,0.161,1.222,0.078,SCL,CPY,3,2
156209.5943,92432.23005,3561.42,0.004,1.162,1.128,SCL,CPY,3,2
156209.4321,92433.42022,3502.02,0.321,1.189,0.114,BTK,CPY,3,3
156209.3355,92433.38916,3483.12,0.12300000000000001,1.661,0.7020000000000001,BTK,CPY,3,3
156209.3355,92433.38916,3444.42,0.184,1.391,0.067,BTK,CPY,3,3
156209.0767,92434.54827,3379.62,0.738,0.581,0.46,BTK,BN,3,4
156209.0767,92434.54827,3340.02,0.659,0.617,0.025,BTK,BN,3,4
156209.0767,92434.54827,3329.22,0.527,0.611,0.076,BTK,BN,3,4
156272.2419,92784.07617999999,3651.54,0.094,1.435,0.244,SCL,CPY,3,2
156272.1454,92784.04513,3640.74,0.012,1.0590000000000002,0.67,SCL,CPY,3,2
156270.9243,92781.16785,3381.56,0.023,1.2229999999999999,0.7090000000000001,POT,CPY,3,3
156270.7311,92781.10574,3356.36,0.366,0.762,0.045,BTK,CPY,3,3
156270.6036,92779.82239,3284.36,0.096,1.156,0.042,BTK,BN,3,4
156270.2172,92779.69816,3230.37,0.6920000000000001,0.64,0.049,BTK,CPY,3,3
156269.9274,92779.60498999999,3205.17,0.637,0.746,0.067,BTK,CPY,3,3
156269.9931,92778.38376,3179.98,0.7040000000000001,0.5429999999999999,0.025,BTK,CPY,3,3
157081.2754,93070.30098,3818.59,0.005,0.45,0.748,SCL,CPY,3,2
157081.2754,93070.30098,3793.39,0.095,0.674,0.28,SCL,CPY,3,2
157081.2754,93070.30098,3760.99,0.040999999999999995,0.46799999999999997,0.445,SCL,CPY,3,2
157081.1788,93070.26992,3642.19,0.044000000000000004,0.9840000000000001,0.111,BTK,CPY,3,3
157080.9856,93070.2078,3609.79,0.145,1.089,0.514,BTK,CPY,3,3
157080.9856,93070.2078,3584.6,0.079,0.687,0.195,BTK,CPY,3,3
157080.6958,93070.11463,3523.4,0.023,1.046,0.14400000000000002,BTK,CPY,3,3
157479.8911,92154.91309,3551.34,0.003,0.8370000000000001,1.013,SCL,PPY,3,2
157479.6013,92154.81991,3540.55,0.001,0.637,2.271,SCL,CPY,3,2
157476.0645,92116.41276,2897.11,0.055999999999999994,3.323,0.049,POT,CPY,2,1
157476.0336,92115.16047999999,2871.95,0.0,3.826,0.17800000000000002,POT,CPY,2,1
156436.7863,92369.86702,3593.13,0.0,1.489,2.359,SCL,CPY,3,2
156435.7895,92368.30415,3474.35,0.19,1.079,0.21899999999999997,BTK,CPY,3,3
156434.8892,92366.77234,3359.16,0.076,1.1340000000000001,0.039,BTK,BN,3,4
156433.1195,92364.961,3135.99,0.35700000000000004,0.3,0.022000000000000002,POT,BN,3,4
156507.3087,92737.91084,3729.83,0.026000000000000002,0.99,0.365,SCL,CPY,3,2
156745.9618,92615.8741,3579.89,0.0,0.87,1.28,SCL,CPY,3,2
156745.3203,92613.18317999999,3457.52,0.244,0.929,0.08,BTK,CPY,3,3
156744.4547,92609.17786,3288.36,0.259,1.006,0.002,BTK,BN,3,4
156743.1371,92606.26952999999,3144.41,0.013000000000000001,2.109,0.657,BTK,CPY,3,3
156725.1448,92917.2788,3793.94,0.016,0.473,1.7080000000000002,SCL,CPY,3,2
156724.5305,92919.56596,3617.55,0.252,1.3519999999999999,0.013000000000000001,BTK,CPY,3,3
156724.3993,92922.00842,3318.77,0.08900000000000001,1.357,0.13699999999999998,BTK,CPY,3,3
156506.5692,93382.44306,3663.49,0.386,0.348,0.09,BTK,CPY,3,3
156511.7418,93362.98664,3556.96,0.23199999999999998,2.077,1.2890000000000001,BTK,BN,3,4
156517.4012,93339.95971,3429.12,0.387,1.2790000000000001,1.284,BTK,BN,3,4
156521.0246,93323.73216,3340.33,0.299,0.885,2.102,BTK,CPY,3,3
156063.72199999998,92822.62707,3642.98,0.049,1.786,1.2329999999999999,SCL,CPY,3,2
156063.2081,92821.21949,3412.59,0.4,0.544,0.053,BTK,BN,3,4
156275.9646,92442.38969,3592.02,0.01,0.736,0.7190000000000001,BTK,CPY,3,3
156274.7745,92440.76471,3444.44,0.304,2.385,1.433,BTK,BN,3,4
156273.6811,92439.17078,3286.06,0.375,0.38,0.004,BTK,BN,3,4
156272.3981,92433.78894,3044.9,0.47600000000000003,0.991,0.145,BTK,BN,3,4
156440.4975,93008.37631,3741.09,0.08900000000000001,0.601,0.254,SCL,CPY,3,2
156439.856,93005.68539,3615.11,0.141,1.114,1.06,SCL,CPY,3,2
156438.5694,93004.02935,3471.13,0.14300000000000002,1.117,0.523,POT,CPY,3,3
156438.152,93002.65282999999,3345.14,0.498,0.622,0.009000000000000001,BTK,BN,3,4
156002.6756,92706.09638999999,3610.78,0.129,0.5429999999999999,0.158,BTK,CPY,3,3
156002.6099,92707.31762,3459.59,0.765,0.902,0.063,BTK,CPY,3,3
156002.1579,92708.41462000001,3333.59,0.44799999999999995,0.884,0.237,BTK,BN,3,4
156993.7516,92471.92852999999,3660.69,0.006,0.982,0.7390000000000001,SCL,CPY,3,2
156990.9504,92471.02784,3426.72,0.085,1.385,0.135,BTK,BN,3,4
156988.4737,92467.74682,3207.17,0.303,1.185,0.004,BTK,BN,3,4
156666.0167,92362.82197,3655.03,0.0,0.5,2.4930000000000003,SCL,CPY,3,2
156665.4681,92363.88791,3442.64,0.001,1.124,0.43200000000000005,SCL,CPY,3,2
156664.9195,92364.95385,3316.65,0.295,1.125,0.06,BTK,BN,3,4
156664.2743,92365.98872000001,3208.65,0.494,0.711,0.002,BTK,BN,3,4
156663.7913,92365.83343,3086.25,0.177,1.43,0.091,BTK,BN,3,4
156935.9407,93083.2021,3707.07,0.057,1.031,0.853,SCL,CPY,3,2
156939.9084,93077.0239,3289.53,0.006999999999999999,1.192,0.275,SCL,CPY,3,2
156128.5851,93116.79599,3425.86,0.113,0.946,0.529,BTK,BN,3,4
156128.6161,93118.04827,3361.07,0.408,1.3980000000000001,0.126,BTK,BN,3,4
156134.0131,92421.59337999999,3624.71,0.006,1.2009999999999998,4.723,SCL,CPY,3,2
156132.0503,92419.71992999999,3412.34,0.377,1.146,0.243,BTK,CPY,3,3
156130.7636,92418.06388999999,3243.16,0.006,1.335,1.7690000000000001,POT,BN,3,4
156633.1823,93120.02527,3789.41,0.005,0.71,0.086,SCL,CPY,3,2
156632.9929,93116.23735,3602.24,0.001,1.2409999999999999,0.321,POT,CPY,3,3
156632.5446,93113.60855,3451.06,0.08800000000000001,0.78,0.267,POT,BN,3,4
157063.8997,93441.14044,3806.78,0.011000000000000001,0.257,4.2330000000000005,SCL,CPY,3,2
157060.3568,93441.24357,3666.47,0.013000000000000001,0.7759999999999999,2.551,SCL,CPY,3,2
155880.2964,92953.72526,3624.31,0.003,0.348,0.337,SCL,CPY,3,2
155890.77300000002,92912.36997,3467.03,0.14800000000000002,0.679,2.8760000000000003,BTK,CPY,3,3
155898.6304,92881.3535,3355.25,0.12300000000000001,0.997,0.05,BTK,BN,3,4
157332.4608,92912.53925,3760.66,0.004,0.7170000000000001,1.093,SCL,CPY,3,2
157338.483,92880.93267000001,3645.31,0.004,0.963,1.933,BTK,CPY,3,3
157344.6674,92848.13592,3522.83,0.005,1.042,0.133,SCL,CPY,3,2
155978.7814,92476.03615,3592.85,0.002,0.833,1.786,SCL,CPY,3,2
155974.6589,92475.95293,3272.5,0.023,1.655,3.753,POT,BN,3,4
157059.6536,92854.63705,3287.97,0.054000000000000006,1.147,1.696,BTK,CPY,3,3
156632.2646,93458.88665,3707.91,0.171,0.7909999999999999,0.07,POT,CPY,3,3
156641.9722,93413.55709,3422.86,0.17,0.961,0.48,BTK,BN,3,4
156644.8538,93398.33336,3323.05,0.019,1.177,0.439,BTK,CPY,3,3
156968.1343,93517.18862999999,3424.63,0.0,0.917,0.665,SCL,CPY,3,2
156947.2877,93363.89052999999,3807.51,0.002,1.483,1.439,SCL,CPY,3,2
156951.0239,93363.84952,3605.97,0.124,0.787,0.32299999999999995,BTK,CPY,3,3
156954.4703,93363.71532999999,3411.63,0.0,0.9179999999999999,1.162,SCL,CPY,3,2
156955.7916,93362.89786,3332.44,0.0,0.9159999999999999,1.276,SCL,CPY,3,2
156802.4075,93340.91017999999,3809.18,0.125,0.937,1.5230000000000001,SCL,CPY,3,2
156802.0212,93340.78595,3657.98,0.16399999999999998,0.958,1.679,BTK,CPY,3,3
156801.9902,93339.53366,3463.59,0.135,0.8029999999999999,0.271,BTK,CPY,3,3
156801.7661,93338.21926,3308.79,0.085,1.0959999999999999,0.9790000000000001,BTK,CPY,3,3
157170.4095,92667.87206000001,3673.36,0.001,0.843,1.64,SCL,CPY,3,2
157170.641,92661.73486,3439.42,0.113,0.775,0.098,BTK,BN,3,4
157170.4516,92657.94694,3263.08,0.392,1.41,0.04,BTK,CPY,3,3
156668.4277,92658.02975,3634.3,0.03,0.898,0.447,SCL,CPY,3,2
156669.5249,92655.89787,3486.71,0.006,1.068,0.201,BTK,CPY,3,3
156670.17,92654.86300000001,3342.73,0.141,0.588,0.174,POT,BN,3,4
156670.8499,92651.35461000001,3072.75,0.133,1.023,0.27,BTK,BN,3,4
156304.0865,92986.87681,3722.3,0.0,0.488,1.8259999999999998,SCL,CPY,3,2
156304.1831,92986.90787000001,3657.5,0.086,0.7809999999999999,0.8059999999999999,SCL,BN,3,2
156304.4728,92987.00104,3473.9,0.28800000000000003,1.409,0.023,BTK,BN,3,4
156304.666,92987.06316,3319.1,0.452,0.7390000000000001,0.049,BTK,BN,3,4
156227.3376,92661.55484,3668.95,0.002,0.522,3.862,SCL,CPY,3,2
156226.5995,92658.83287,3442.16,0.156,0.9570000000000001,0.147,SCL,BN,3,2
156225.4094,92657.20788,3244.17,0.147,1.645,0.024,BTK,BN,3,4
156224.6367,92656.95941,3132.58,0.207,0.759,0.6579999999999999,BTK,BN,3,4
155502.0846,92302.88222999999,3394.0,0.10400000000000001,0.23199999999999998,0.327,BTK,BN,3,4
155500.2803,92303.54441,3250.02,0.469,0.083,0.107,BTK,BN,3,4
155499.1521,92304.424,3151.03,0.418,0.45899999999999996,0.048,BTK,BN,3,4
155545.9427,92053.61006,3336.98,0.163,0.626,0.139,BTK,BN,3,4
155542.8554,92048.89039,3182.31,0.03,0.67,1.7280000000000002,SCL,CPY,3,2
155540.796,92046.98588,3099.58,0.009000000000000001,0.7140000000000001,0.203,PPL,BN,3,2
155538.9914,92822.86277,3595.57,0.037000000000000005,0.583,0.501,BTK,CPY,3,3
155537.9599,92823.77342,3552.38,0.075,0.7959999999999999,0.815,BTK,CPY,3,3
155535.8002,92825.56365,3430.02,0.0,0.512,1.052,FIL,CPY,3,2
155591.372,92553.96892999999,3543.95,0.006,1.094,2.524,BTK,CPY,3,3
155590.2166,92549.87043,3481.08,0.0,0.426,1.331,BTK,CPY,3,3
155589.2544,92545.83405,3423.61,0.391,0.6679999999999999,0.105,BTK,BN,3,4
155587.5851,92540.32798,3337.4,0.242,0.635,0.066,BTK,BN,3,4
155587.1677,92538.95146,3314.04,0.47200000000000003,0.847,0.114,BTK,BN,3,4
155586.7194,92536.32265,3279.91,0.24,0.7070000000000001,0.03,BTK,BN,3,4
155641.7798,92325.43772,3425.69,0.195,0.428,0.455,BTK,CPY,3,3
155640.4312,92321.2771,3328.56,0.012,1.034,1.7169999999999999,BTK,CPY,3,3
155639.8207,92319.83847,3281.79,0.109,0.7759999999999999,2.173,BTK,CPY,3,3
155638.8238,92318.2756,3209.82,0.002,2.385,0.7240000000000001,BTK,CPY,3,3
155638.4065,92316.89907999999,3164.84,0.10300000000000001,0.7140000000000001,0.083,BTK,BN,3,4
155637.796,92315.46044,3105.46,0.001,1.232,0.42200000000000004,BTK,BN,3,4
155688.3239,92095.66417,3436.41,0.042,1.26,0.36200000000000004,BTK,CPY,3,3
155686.7784,92095.16724,3366.25,0.068,1.347,0.5,BTK,CPY,3,3
155685.6849,92093.57331,3310.48,0.198,0.523,0.16899999999999998,POT,CPY,3,3
155683.3357,92091.57562999999,3220.56,0.156,0.753,1.033,SCL,CPY,3,2
155681.8559,92089.85747,3163.0,0.225,0.40399999999999997,1.7690000000000001,BTK,CPY,3,3
155680.1828,92088.07719,3091.06,0.13699999999999998,1.255,2.086,BTK,CPY,3,3
155677.6405,92086.01739,2979.53,0.182,1.052,0.256,BTK,CPY,3,3
157197.6298,93179.76868,3827.69,0.001,0.8490000000000001,2.915,SCL,CPY,3,2
157193.033,93203.13725,3764.55,0.001,1.796,1.304,BTK,CPY,3,3
157189.4058,93223.09061,3711.72,0.051,0.855,1.859,BTK,CPY,3,3
157186.0374,93241.88485,3662.29,0.113,1.435,0.637,SCL,CPY,3,2
157179.3626,93281.9779,3556.52,0.008,0.93,1.73,SCL,CPY,3,2
157178.2927,93289.08786,3537.73,0.024,1.088,1.446,SCL,CPY,3,2
157175.3416,93309.25862000001,3481.32,0.0,0.608,1.359,SCL,CPY,3,2
157173.2327,93324.73082000001,3440.28,0.075,1.433,1.5759999999999998,SCL,CPY,3,2
157170.112,93353.54335,3361.71,0.003,0.9490000000000001,2.089,SCL,PPY,3,2
157302.1107,93374.86646,3731.91,0.002,0.657,0.953,SCL,CPY,3,2
157299.0742,93383.82877000001,3645.88,0.0,0.5820000000000001,5.904,SCL,CPY,3,2
157295.3269,93395.04718,3531.2,0.0,0.633,1.4380000000000002,SCL,CPY,3,2
157352.1049,93141.23293,3732.39,0.0,0.782,1.7790000000000001,SCL,CPY,3,2
157351.5873,93143.55115,3710.93,0.0,1.2570000000000001,1.3519999999999999,SCL,CPY,3,2
157349.3892,93151.54069,3642.94,0.0,0.818,1.37,SCL,CPY,3,2
157347.8053,93157.24307000001,3596.41,0.004,1.3119999999999998,0.9670000000000001,SCL,CPY,3,2
157345.9626,93164.10456,3539.17,0.001,1.761,2.3890000000000002,SCL,CPY,3,2
157342.8914,93175.54037999999,3446.16,0.01,1.185,0.92,SCL,CPY,3,2
157482.6535,93227.93332000001,3677.22,0.039,0.713,1.618,SCL,CPY,3,2
157482.6535,93227.93332000001,3653.83,0.002,1.005,2.2680000000000002,SCL,CPY,3,2
157528.1499,92982.91494,3675.55,0.003,0.895,0.768,SCL,CPY,3,2
157527.7016,92980.28613,3646.81,0.001,1.3840000000000001,0.99,SCL,CPY,3,2
157526.5772,92977.43992,3596.53,0.001,1.07,1.925,BTK,CPY,3,3
157525.9048,92973.49671,3553.43,0.004,1.1059999999999999,1.371,SCL,CPY,3,2
157524.4596,92969.30503999999,3481.6,0.001,1.473,0.9259999999999999,SCL,CPY,3,2
157523.6249,92966.552,3438.5,0.005,1.153,0.721,SCL,CPY,3,2
157522.342,92961.17016000001,3366.67,0.013000000000000001,1.8330000000000002,1.9169999999999998,SCL,CPY,2,1
157521.7971,92958.51028999999,3334.35,0.0,0.667,1.321,SCL,CPY,2,1
157698.0167,92915.78525,3676.93,0.0,0.9490000000000001,1.0979999999999999,SCL,CPY,3,2
157698.8897,92912.33898,3653.65,0.0,1.1909999999999998,4.146,SCL,CPY,3,2
157700.37699999998,92906.60554,3596.33,0.0,0.883,2.8310000000000004,SCL,CPY,2,1
157701.8643,92900.8721,3540.8,0.001,1.2890000000000001,0.525,BTK,CPY,2,1
157704.9355,92889.43628,3440.5,0.0,1.5090000000000001,0.508,SCL,CPY,2,1
157706.0673,92884.8309,3393.92,0.0,0.419,3.715,SCL,CPY,2,1
157707.7168,92877.90729,3329.42,0.0,0.6629999999999999,2.097,SCL,CPY,2,1
157875.3917,92780.25687000001,3668.25,0.027999999999999997,0.982,2.254,SCL,CPY,2,1
157873.2865,92792.00327,3624.6,0.008,1.21,4.101,SCL,CPY,2,1
157869.6246,92814.43014,3546.07,0.002,1.033,1.3619999999999999,SCL,CPY,2,1
157868.068,92825.11061,3509.47,0.003,1.035,0.8909999999999999,SCL,CPY,2,1
157865.3758,92844.12226,3441.46,0.0,1.5959999999999999,3.803,SCL,CPY,2,1
157863.7845,92857.27623999999,3394.39,0.0,0.754,3.033,SCL,CPY,2,1
157862.2588,92869.20899,3354.26,0.001,0.871,3.9189999999999996,SCL,CPY,2,1
157959.9971,92365.19081,3646.95,0.0,0.5770000000000001,6.769,SCL,CPY,2,1
157959.7073,92365.09763999999,3625.36,0.001,0.7190000000000001,7.968999999999999,SCL,CPY,2,1
157959.0002,92363.62795,3567.78,0.001,0.873,3.7569999999999997,SCL,CPY,2,1
157958.5172,92363.47265,3538.99,0.0,1.245,2.7889999999999997,SCL,CPY,2,1
157957.9067,92362.03402,3481.4,0.001,1.7890000000000001,1.8219999999999998,SCL,CPY,2,1
157956.9408,92361.72344,3423.82,0.001,2.06,0.547,SCL,CPY,2,1
157956.3303,92360.2848,3366.24,0.003,3.154,4.686,SCL,CPY,2,1
157955.5575,92360.03632999999,3323.05,0.0,1.4780000000000002,2.9130000000000003,SCL,CPY,2,1
157954.6572,92358.50452,3251.07,0.001,2.076,3.949,BTK,CPY,2,1
157954.0777,92358.31817,3204.28,0.001,1.032,2.494,FIL,CPY,2,1
157953.0152,92357.97653,3135.89,0.0,0.605,4.28,BTK,CPY,2,1
158001.8775,92128.94838,3541.0,0.0,0.52,3.217,FIL,CPY,2,1
157996.7618,92123.5765,3436.96,0.0,0.7390000000000001,2.291,BTK,CPY,2,1
157992.9984,92118.63942,3358.04,0.0,2.072,2.144,FIL,CPY,2,1
157991.0356,92116.76597000001,3318.58,0.0,1.639,2.167,FIL,CPY,2,1
157988.8486,92113.57812,3271.94,0.0,1.536,6.096,FIL,CPY,2,1
157985.5992,92110.04862,3207.38,0.0,1.954,5.3229999999999995,BTK,CPY,2,1
157980.5801,92104.70779,3106.94,0.0,2.495,3.287,SCL,CPY,2,1
157979.8729,92103.2381,3089.01,0.0,2.044,3.178,SCL,CPY,2,1
157977.9101,92101.36465,3049.54,0.0,1.604,5.8420000000000005,SCL,CPY,2,1
157975.7232,92098.17679,3002.92,0.0,1.374,1.574,SCL,CPY,2,1
158058.6988,91896.2677,3250.39,0.0,0.617,10.952,BTK,CPY,2,1
158057.7019,91894.70483999999,3196.45,0.002,0.9890000000000001,4.525,BTK,CPY,2,1
158056.8672,91891.9518,3135.31,0.0,1.614,7.922999999999999,BTK,CPY,2,1
158056.5155,91889.35405,3099.35,0.0,2.153,5.207999999999999,BTK,CPY,2,1
158002.6549,92834.8426,3797.28,0.001,0.29,2.863,SCL,OX,2,1
158002.3032,92832.24486,3710.93,0.0,0.525,2.5989999999999998,SCL,CPY,2,1
158002.2413,92829.74029,3656.97,0.001,1.369,1.511,SCL,CPY,2,1
158001.9862,92827.1736,3595.81,0.0,0.602,6.218999999999999,SCL,CPY,2,1
158001.6655,92825.82814,3556.24,0.0,1.018,1.2690000000000001,SCL,CPY,2,1
158001.5069,92823.29251,3509.48,0.004,2.031,5.107,SCL,CPY,2,1
158001.0587,92820.6637,3441.14,0.009000000000000001,1.7530000000000001,2.267,SCL,CPY,2,1
158051.6522,92599.6462,3741.03,0.008,0.513,10.368,SCL,CPY,2,1
158050.2999,92599.21139,3672.66,0.003,1.052,1.733,SCL,CPY,2,1
158049.1718,92600.09097,3625.87,0.0,1.485,5.058,SCL,CPY,2,1
158048.2058,92599.78039,3568.29,0.0,2.545,3.99,SCL,CPY,2,1
158047.9161,92599.68722,3550.29,0.0,1.4169999999999998,1.561,SCL,CPY,2,1
158046.9811,92600.62892,3508.91,0.0,0.295,4.226,SCL,CPY,2,1
158045.6288,92600.1941,3427.93,0.0,1.5019999999999998,2.485,SCL,CPY,2,1
158044.3075,92601.01157,3366.75,0.001,0.9329999999999999,5.148,SCL,CPY,2,1
158106.0896,92367.44135,3640.48,0.024,0.7829999999999999,6.724,SCL,CPY,2,1
158105.1547,92368.38305,3595.49,0.006,0.7240000000000001,8.815,SCL,CPY,2,1
158104.3163,92369.35581000001,3557.71,0.0,1.222,5.712999999999999,SCL,CPY,2,1
158104.0265,92369.26264,3537.92,0.005,0.872,6.09,SCL,CPY,2,1
158102.995,92370.17327999999,3480.33,0.001,1.1740000000000002,8.752,SCL,CPY,2,1
158102.6086,92370.04905,3449.74,0.0,1.493,6.138,SCL,CPY,2,1
158102.3188,92369.95588,3422.74,0.021,1.199,7.087999999999999,SCL,CPY,2,1
158100.6421,92371.9014,3323.76,0.006,1.65,5.492000000000001,FIL,CPY,2,1
158098.6446,92372.50146,3194.2,0.009000000000000001,0.9229999999999999,4.585,SCL,CPY,2,1
158133.7561,92141.53655,3510.57,0.0,1.158,3.65,BTK,CPY,2,1
158130.9239,92139.38357,3453.13,0.006,0.7170000000000001,4.987,BTK,CPY,2,1
158129.7648,92139.01087,3431.59,0.01,0.636,4.316,BTK,CPY,2,1
158127.7364,92138.35865,3395.69,0.006,0.38299999999999995,11.155,BTK,CPY,2,1
158123.7142,92134.58069,3309.53,0.004,1.138,0.121,POT,CPY,2,1
158121.1408,92131.2686,3252.09,0.004,0.516,8.981,POT,CPY,2,1
158119.0158,92130.58532,3212.6,0.003,3.1010000000000004,1.548,SCL,CPY,2,1
158114.1899,92125.30661,3108.5,0.036000000000000004,1.601,4.624,BTK,CPY,2,1
158138.1124,92875.91281000001,3770.63,0.0,0.26,3.012,FIL,OX,2,1
158135.5081,92871.34843,3651.98,0.0,0.47700000000000004,5.431,SCL,CPY,2,1
158134.1286,92865.93553,3554.9,0.0,0.6759999999999999,1.749,FIL,CPY,1,1
158184.6874,92647.39155,3656.25,0.0,1.0170000000000001,4.651,FIL,CPY,2,1
158183.7215,92647.08096,3625.69,0.0,0.696,14.782,SCL,CPY,2,1
158181.3686,92648.80907999999,3555.55,0.0,0.965,5.9639999999999995,SCL,CPY,2,1
158177.5012,92651.29255,3426.05,0.035,0.7020000000000001,8.404,FIL,CPY,2,1
158239.6227,92400.43879,3651.64,0.0,1.001,4.58,SCL,CPY,2,1
158238.7224,92398.90698,3597.68,0.008,0.612,8.899,SCL,CPY,2,1
158238.2085,92397.4994,3547.3,0.009000000000000001,1.1,5.51,BTK,CPY,2,1
158237.4358,92397.25093,3509.52,0.0,0.93,8.481,SCL,CPY,2,1
158236.6011,92394.4979,3439.36,0.0,1.5230000000000001,7.11,SCL,CPY,2,1
158236.0872,92393.09032,3392.59,0.001,1.516,11.905,FIL,CPY,2,1
158235.1869,92391.55851,3320.61,0.017,1.594,4.113,FIL,CPY,2,1
158294.4354,92179.53557000001,3639.12,0.002,0.86,3.532,SCL,CPY,2,1
158293.3072,92180.41515,3545.54,0.0,0.976,4.59,SCL,CPY,2,1
158292.66199999998,92181.45002999999,3509.54,0.0,0.611,8.548,BTK,CPY,2,1
158291.8237,92182.42279,3451.96,0.254,0.589,4.394,BTK,CPY,2,1
158291.5339,92182.32962,3433.97,0.0,0.894,3.915,BTK,CPY,2,1
158291.0509,92182.17433,3394.38,0.011000000000000001,1.165,9.027999999999999,SCL,CPY,2,1
158289.6639,92184.21302000001,3322.4,0.0,1.5730000000000002,4.544,SCL,CPY,2,1
158289.2776,92184.08879,3279.2,0.005,1.445,9.335,SCL,CPY,2,1
158288.24599999998,92184.99944,3207.21,0.012,1.9809999999999999,3.6310000000000002,SCL,CPY,2,1
158351.3815,92564.33374,3678.8,0.001,0.623,8.958,SCL,CPY,2,1
158349.8707,92561.3633,3567.24,0.0,0.993,10.677,SCL,CPY,2,1
158399.112,92339.91098,3652.54,0.0,0.604,5.393,SCL,CPY,2,1
158397.3114,92336.84736,3541.0,0.0,0.7559999999999999,7.195,SCL,CPY,2,1
158396.894,92335.47084,3510.42,0.0,0.586,6.053,SCL,CPY,2,1
158454.7432,92105.60532,3648.8,0.0,0.7140000000000001,6.735,BTK,CPY,2,1
158454.55,92105.5432,3576.8,0.0,0.6940000000000001,10.738,BTK,CPY,2,1
158454.06699999998,92105.38791,3432.81,0.002,0.773,7.141,BTK,CPY,2,1
158453.8739,92105.32579,3396.81,0.0,0.645,10.554,SCL,CPY,2,1
158453.9395,92104.10456,3314.01,0.004,0.8140000000000001,8.616,SCL,CPY,1,1
156930.5413,93426.83412,3654.31,0.11,1.3980000000000001,0.875,SCL,CPY,3,2
157240.6506,93350.13531,3758.84,0.002,1.141,0.593,SCL,CPY,3,2
157236.9194,93377.5092,3687.2,0.085,1.082,1.392,SCL,CPY,3,2
157233.2501,93407.38766000001,3608.67,0.0,0.466,2.47,SCL,CPY,3,2
156846.6037,93140.19763,3781.69,0.01,1.349,0.9109999999999999,SCL,CPY,3,2
156842.7251,93153.8585,3656.33,0.231,1.026,0.218,BTK,CPY,3,3
156839.4917,93166.48449,3545.28,0.195,1.298,0.322,BTK,CPY,3,3
156836.4515,93179.17259,3423.46,0.106,1.8219999999999998,0.38799999999999996,BTK,CPY,3,3
156832.6695,93192.86451,3290.86,0.006,1.306,0.612,BTK,CPY,3,3
156830.9234,93199.75706,3219.16,0.012,1.102,1.5730000000000002,SCL,CPY,3,2
156657.209,93378.70174,3759.08,0.214,0.508,0.152,SCL,CPY,3,2
156654.4165,93401.40813,3664.19,0.19,0.915,0.40700000000000003,SCL,CPY,3,2
156651.8481,93425.42892,3565.75,0.051,1.464,0.649,BTK,CPY,3,3
156650.481,93439.8973,3505.9,0.309,0.986,0.376,BTK,BN,3,4
156649.8283,93448.38377999999,3470.68,0.281,0.857,1.046,BTK,CPY,3,3
156647.0903,93481.04634,3333.25,0.067,1.172,0.84,BTK,CPY,3,3
156708.5134,93155.42813,3763.18,0.23600000000000002,0.862,0.223,SCL,CPY,3,2
156703.0745,93183.49526,3665.9,0.048,1.537,1.01,BTK,CPY,3,3
156698.2188,93208.02294,3586.0,0.435,1.354,0.192,BTK,CPY,3,3
156693.7186,93231.42257000001,3505.96,0.094,0.45799999999999996,0.239,POT,CPY,3,3
156690.3502,93250.21681,3439.8,0.228,1.1179999999999999,1.757,BTK,CPY,3,3
156685.1008,93282.07186,3331.81,0.428,1.24,0.655,BTK,CPY,3,3
156683.803,93291.59321,3296.95,0.205,1.15,0.114,BTK,CPY,3,3
156766.7539,92856.11787999999,3742.67,0.001,0.867,0.311,SCL,CPY,3,2
156765.8078,92868.23698,3656.96,0.135,1.1840000000000002,0.042,BTK,CPY,3,3
156764.9855,92885.36522,3539.1,0.215,0.937,0.193,BTK,CPY,3,3
156764.9434,92895.29033999999,3467.64,0.4,1.044,0.187,BTK,CPY,3,3
156765.1725,92923.93762000001,3249.6,0.278,1.412,0.042,BTK,BN,3,4
156765.0994,92932.61044,3185.26,0.076,1.2570000000000001,0.193,BTK,CPY,3,3
156783.9348,93423.17601,3648.41,0.051,1.631,0.8190000000000001,BTK,CPY,3,3
156779.5349,93442.88089,3538.35,0.156,0.8640000000000001,0.142,BTK,CPY,3,3
156774.5517,93466.12522999999,3414.04,0.027999999999999997,1.022,0.643,BTK,CPY,3,3
156772.5777,93475.42917,3360.74,0.081,1.064,0.862,BTK,CPY,3,3
157062.4261,93497.81384,3562.61,0.0,1.3030000000000002,1.6880000000000002,SCL,CPY,3,2
157060.4447,93514.56939,3448.31,0.0,0.667,0.9209999999999999,SCL,CPY,3,2
156987.536,93181.78587,3808.81,0.001,0.725,2.177,SCL,CPY,3,2
156987.2276,93200.32169,3651.33,0.053,0.644,0.451,BTK,CPY,3,3
156986.861,93212.62714,3551.09,0.301,0.982,0.19699999999999998,BTK,CPY,3,3
156986.8499,93223.80454,3454.4,0.016,1.111,0.626,BTK,CPY,3,3
156986.7075,93237.42439,3329.04,0.0,1.024,1.776,BTK,CPY,3,3
156986.762,93247.38056,3235.89,0.0,1.213,1.21,SCL,CPY,3,2
156532.0251,93241.54836,3750.94,0.278,0.611,0.051,SCL,CPY,3,2
156529.2437,93253.07735,3676.1,0.387,0.39399999999999996,0.08,SCL,CPY,3,2
156525.941,93270.65037,3565.64,0.015,1.615,0.15,POT,BN,3,4
156522.8277,93292.0113,3430.16,0.608,0.594,0.08199999999999999,BTK,BN,3,4
156575.7506,93060.5618,3638.41,0.204,0.77,0.254,SCL,CPY,3,2
156568.9483,93099.37151,3454.62,0.21100000000000002,1.3159999999999998,0.025,BTK,CPY,3,3
156564.4059,93132.69625,3295.34,0.156,0.9079999999999999,0.10099999999999999,BTK,CPY,3,3
156626.3863,92829.61919,3736.65,0.001,0.825,0.479,SCL,CPY,3,2
156622.987,92847.16114,3673.98,0.01,1.584,1.148,SCL,CPY,3,2
156616.3122,92887.2542,3538.12,0.322,1.213,0.166,BTK,CPY,3,3
156612.3531,92917.03949,3433.53,0.517,1.296,0.028999999999999998,BTK,CPY,3,3
156608.8076,92951.9271,3307.88,0.659,1.527,0.061,BTK,BN,3,4
156606.1043,92982.11615,3199.59,0.016,1.462,0.669,BTK,CPY,3,3
156682.7432,92578.15422000001,3649.54,0.001,0.35600000000000004,0.41,BTK,CPY,3,3
156660.9207,92660.58529,2991.57,0.23600000000000002,0.8190000000000001,0.08199999999999999,BTK,CPY,3,3
156659.4334,92666.31872000001,2941.48,0.0,1.25,2.276,BTK,CPY,3,3
156826.6872,92571.01759,3641.99,0.0,0.696,3.745,SCL,CPY,3,2
156824.5238,92576.53362,3566.6,0.043,1.444,0.501,SCL,CPY,3,2
156822.005,92583.1777,3466.06,0.098,0.7340000000000001,0.095,BTK,CPY,3,3
156820.1313,92588.78691,3394.24,0.195,1.222,0.16699999999999998,BTK,CPY,3,3
156817.9022,92595.52416,3300.87,0.24600000000000002,1.128,0.008,BTK,BN,3,4
156815.96300000002,92602.3546,3218.27,0.335,1.349,0.09,BTK,CPY,3,3
156811.4355,92620.77614,2974.06,0.002,1.992,0.276,SCL,CPY,3,2
156810.1724,92627.82398,2873.5,0.0,1.274,0.5329999999999999,SCL,CPY,3,2
156401.1582,93215.61986,3635.26,0.35200000000000004,0.7290000000000001,0.55,BTK,BN,3,4
156401.5954,93229.42607,3546.19,0.677,0.606,0.034,BTK,BN,3,4
156402.4189,93243.3565,3457.09,0.064,3.569,0.013999999999999999,BTK,CPY,3,3
156403.5941,93259.88468999999,3350.13,0.26899999999999996,0.945,0.12,BTK,BN,3,4
156482.581,92826.86176,3674.37,0.151,1.249,0.049,BTK,CPY,3,3
156475.7514,92860.69339,3548.44,0.14,0.69,0.156,BTK,BN,3,4
156470.0846,92891.17192000001,3432.9,0.371,0.534,0.073,BTK,BN,3,4
156464.642,92922.96485,3310.18,0.598,0.81,0.09300000000000001,BTK,BN,3,4
156460.9145,92946.61293999999,3215.4,0.24,1.063,0.201,BTK,CPY,3,3
156435.2257,93062.58616,3554.01,0.267,0.79,0.19399999999999998,BTK,BN,3,4
156528.595,92579.52516,3624.99,0.004,0.961,0.073,BTK,CPY,3,3
156523.2639,92596.44595,3543.8,0.05,1.051,0.207,BTK,CPY,3,3
156518.6745,92612.36292,3473.18,0.36,0.867,0.044000000000000004,BTK,BN,3,4
156507.4908,92652.24852000001,3280.69,0.505,0.804,0.024,BTK,BN,3,4
156502.5769,92670.54582999999,3194.08,0.401,1.489,0.08800000000000001,BTK,BN,3,4
156499.247,92683.14076000001,3130.41,0.812,1.3559999999999999,0.005,BTK,BN,3,4
156272.0041,93119.42917999999,3639.83,0.027999999999999997,0.603,2.036,SCL,CPY,3,2
156269.2846,93133.46274,3550.71,0.45299999999999996,0.863,0.872,BTK,BN,3,4
156266.5651,93147.49631,3458.0,0.6729999999999999,1.0859999999999999,0.023,BTK,CPY,3,3
156262.8414,93167.4186,3326.04,0.313,1.425,0.161,BTK,CPY,3,3
156327.2477,92853.9406,3661.8,0.055999999999999994,1.452,0.5920000000000001,BTK,CPY,3,3
156324.7598,92861.83697,3554.12,0.275,0.879,0.12,BTK,BN,3,4
156321.9165,92870.86138999999,3450.01,0.42700000000000005,0.95,0.198,POT,BN,3,4
156318.7178,92881.01386,3324.36,0.24100000000000002,1.163,0.086,BTK,BN,3,4
156315.4881,92889.91405,3202.28,0.262,0.568,0.06,BTK,CPY,3,3
156379.6381,92639.71252,3635.16,0.005,0.6779999999999999,0.07400000000000001,BTK,CPY,3,3
156377.9539,92649.10964,3556.42,0.098,2.7460000000000004,1.0859999999999999,BTK,CPY,3,3
156376.1385,92660.94921,3456.19,0.381,0.941,0.013999999999999999,BTK,CPY,3,3
156373.4772,92681.21315,3284.35,0.027000000000000003,0.9540000000000001,0.5,POT,CPY,3,3
156372.2104,92691.98679,3194.86,0.644,0.8320000000000001,0.009000000000000001,BTK,CPY,3,3
156370.5881,92703.88848,3094.62,0.156,1.425,0.233,BTK,CPY,3,3
156222.7517,93352.05889,3545.13,0.009000000000000001,0.19399999999999998,1.5419999999999998,BTK,CPY,3,3
156220.3566,93363.71212000001,3452.13,0.295,1.103,0.145,BTK,CPY,3,3
156114.0999,93108.41144,3547.37,0.006,0.904,0.626,SCL,CPY,3,2
156106.4468,93128.31263,3437.61,0.37799999999999995,1.214,0.053,BTK,BN,3,4
156099.0835,93148.30699999999,3331.3,0.228,1.449,0.04,BTK,BN,3,4
156188.9358,92833.07221,3546.23,0.266,1.213,0.585,BTK,CPY,3,3
156950.6068,92684.16012999999,3741.55,0.001,0.976,0.9840000000000001,SCL,CPY,3,2
156948.8223,92697.25199,3645.05,0.001,1.166,0.7240000000000001,BTK,CPY,3,3
156947.3623,92707.96351,3566.39,0.036000000000000004,1.97,0.473,BTK,CPY,3,3
156945.8366,92719.89626000001,3476.98,0.336,1.162,0.575,BTK,CPY,3,3
156943.3029,92741.44354,3298.05,0.604,0.963,0.387,BTK,CPY,3,3
156942.4224,92752.34142000001,3204.97,0.021,0.516,0.083,BTK,CPY,3,3
156941.345,92766.90297000001,3079.65,0.0,1.933,0.47700000000000004,SCL,CPY,3,2
156940.2714,92777.73873,2982.92,0.0,1.2409999999999999,1.703,SCL,CPY,3,2
157086.3652,92714.1461,3746.37,0.028999999999999998,0.812,1.794,SCL,CPY,3,2
157084.1015,92723.35687999999,3671.26,0.0,0.8029999999999999,1.131,SCL,CPY,3,2
157080.3814,92739.55337000001,3538.9,0.081,1.1079999999999999,0.56,BTK,CPY,3,3
157077.7276,92752.36571,3435.11,0.09300000000000001,1.2309999999999999,0.025,BTK,CPY,3,3
157074.9115,92766.36822,3309.81,0.016,1.63,0.21100000000000002,BTK,CPY,3,3
157072.6131,92778.0525,3209.54,0.004,0.6970000000000001,0.7290000000000001,BTK,CPY,3,3
157070.4423,92791.02012999999,3094.95,0.0,0.748,1.4069999999999998,SCL,CPY,3,2
157068.8547,92800.44831,3012.57,0.017,0.893,3.2239999999999998,SCL,CPY,3,2
157030.8776,92965.8906,3803.42,0.021,0.629,0.257,SCL,CPY,3,2
157027.5093,92984.68484,3704.06,0.0,1.4609999999999999,2.15,SCL,CPY,3,2
157025.6629,92995.27213,3647.27,0.0,1.141,0.9009999999999999,SCL,CPY,3,2
157019.8648,93028.19311000001,3466.09,0.106,1.479,0.157,SCL,CPY,3,2
157015.9751,93053.03138,3320.28,0.0,1.483,0.243,SCL,CPY,3,2
157012.4445,93073.01578999999,3206.38,0.001,0.792,1.179,SCL,CPY,3,2
156896.4938,92913.98464,3760.51,0.004,1.655,1.3559999999999999,SCL,CPY,3,2
156892.4184,92931.30919,3631.89,0.024,1.36,0.65,SCL,CPY,3,2
156889.9924,92941.71012999999,3553.26,0.147,1.225,0.742,BTK,CPY,3,3
156888.9571,92946.34657000001,3517.5,0.309,1.135,0.21100000000000002,BTK,CPY,3,3
156887.663,92952.14213,3467.42,0.313,0.52,0.188,BTK,CPY,3,3
156882.6489,92974.13418,3288.5,0.04,1.202,0.153,BTK,CPY,3,3
156880.5474,92982.15478,3209.74,0.024,1.56,0.083,BTK,CPY,3,3
157166.88,93009.62066,3752.77,0.006999999999999999,0.601,1.209,SCL,CPY,3,2
157163.9673,93023.59211,3681.87,0.043,1.128,1.909,BTK,CPY,3,3
157158.3043,93050.34483999999,3540.01,0.038,0.986,0.524,BTK,CPY,3,3
157154.1632,93068.89062,3440.67,0.0,1.229,0.19,SCL,CPY,3,2
157149.6976,93089.81672999999,3330.63,0.0,1.541,0.865,SCL,CPY,3,2
157146.2327,93108.57991,3227.59,0.002,1.013,1.268,SCL,CPY,3,2
157112.1602,93234.28074,3807.83,0.011000000000000001,0.312,3.327,SCL,PPY,3,2
157107.6563,93261.40617,3636.81,0.1,0.929,0.557,BTK,CPY,3,3
157105.5164,93275.62608,3551.25,0.012,0.973,1.3980000000000001,SCL,CPY,3,2
157104.2495,93286.39972,3476.35,0.0,0.7829999999999999,1.784,SCL,CPY,3,2
157102.6817,93308.25759,3330.03,0.0,0.6729999999999999,1.5430000000000001,SCL,CPY,3,2
156003.6888,92045.50187000001,3429.07,0.077,0.462,0.07,SCL,CPY,3,2
156005.269,92043.52528999999,3335.5,0.003,1.4169999999999998,0.607,BTK,CPY,3,3
156005.9141,92042.49041,3279.72,0.002,0.917,2.7710000000000004,SCL,CPY,3,2
156006.7216,92040.26537000001,3222.15,0.129,1.402,0.397,SCL,CPY,3,2
156006.9147,92040.32747999999,3198.76,0.024,1.6059999999999999,0.456,BTK,CPY,3,3
156007.4633,92039.26155,3164.57,0.196,1.181,0.516,BTK,CPY,3,3
156008.3674,92037.06756,3094.4,0.06,1.268,0.21600000000000003,BTK,BN,3,4
156008.8194,92035.97056,3049.42,0.006999999999999999,0.797,0.23600000000000002,POT,CPY,3,3
156010.1754,92032.67958,2939.68,0.002,2.833,0.34,SCL,CPY,3,2
156010.72400000002,92031.61364,2905.5,0.049,0.966,0.379,SCL,CPY,3,2
156011.628,92029.41966,2867.72,0.11900000000000001,1.149,0.41,BTK,BN,3,4
156011.9178,92029.51282999999,2847.94,0.5770000000000001,1.6780000000000002,0.945,BTK,BN,3,4
155998.61,92681.18486000001,3623.22,0.003,1.018,3.2039999999999997,BTK,CPY,3,3
155997.0336,92679.43565,3567.49,0.163,0.441,1.37,BTK,CPY,3,3
155995.1674,92677.59325,3509.97,0.303,0.48,1.865,BTK,CPY,3,3
155993.3011,92675.75086,3452.45,0.58,1.068,0.805,BTK,CPY,3,3
155991.4349,92673.90847000001,3394.93,0.292,1.182,0.7929999999999999,BTK,BN,3,4
155989.7619,92672.12819,3337.4,0.267,0.746,0.536,BTK,BN,3,4
155988.1855,92670.37897,3279.86,0.389,0.457,1.075,BTK,BN,3,4
155985.9329,92668.41234,3209.75,0.331,0.508,5.898,BTK,BN,3,4
156108.9525,92004.80836,3356.17,0.0,0.5529999999999999,5.66,SCL,CPY,3,2
156102.5241,92023.86102000001,3286.76,0.006,0.7,6.449,SCL,CPY,3,2
156098.8734,92035.11048999999,3250.34,0.025,1.911,0.7490000000000001,SCL,CPY,3,2
156095.6747,92045.26297000001,3217.39,0.018000000000000002,1.045,3.15,BTK,CPY,3,3
156093.5422,92052.03128,3193.11,0.07,0.958,1.3719999999999999,BTK,CPY,3,3
156088.3076,92068.98313,3135.98,0.156,1.2229999999999999,1.3319999999999999,BTK,CPY,3,3
156084.6879,92081.48488999999,3096.2,0.022000000000000002,0.564,0.484,BTK,CPY,3,3
156080.3573,92096.24275,3049.61,0.231,0.821,0.122,BTK,BN,3,4
156074.0218,92119.05227,2975.33,0.083,0.73,4.561,BTK,CPY,3,3
156064.5495,92154.51883,2864.94,0.196,0.726,2.571,BTK,BN,3,4
156309.1258,91938.7271,3313.11,0.0,0.711,2.519,SCL,CPY,3,2
156308.4149,91940.9832,3278.99,0.003,1.6980000000000002,2.299,SCL,CPY,3,2
156307.4763,91945.6507,3221.53,0.0,1.27,2.9339999999999997,BTK,CPY,3,3
156307.1208,91946.77876,3201.78,0.0,1.155,0.742,BTK,CPY,3,3
156306.5066,91949.06592000001,3164.06,0.001,0.9159999999999999,2.12,BTK,CPY,3,3
156304.9227,91954.7683,3094.01,0.02,0.91,0.223,BTK,CPY,3,3
156304.1153,91956.99335,3049.11,0.087,1.0759999999999998,0.317,BTK,CPY,3,3
156302.4349,91962.66467,2975.45,0.6629999999999999,2.759,0.289,BTK,BN,3,4
156301.72400000002,91964.92077000001,2934.14,0.03,1.166,0.561,FIL,CPY,3,2
156300.3024,91969.43298,2876.65,0.061,1.1740000000000002,0.937,FIL,CPY,3,2
156299.8504,91970.52997999999,2856.89,0.07,1.715,0.87,FIL,CPY,3,2
156299.043,91972.75503,2819.15,0.001,1.4080000000000001,2.515,FIL,CPY,3,2
156297.8801,91976.10813,2752.65,0.002,1.2690000000000001,0.7959999999999999,FIL,CPY,3,2
156296.7173,91979.46123,2704.13,0.0,1.327,1.212,HOR,CPY,3,2
156541.946,92239.69221000001,3539.39,0.0,0.8859999999999999,2.233,BTK,CPY,3,3
156544.2679,92236.71181000001,3481.97,0.0,1.245,1.949,SCL,CPY,3,2
156547.3007,92231.4753,3422.8,0.0,1.172,2.9189999999999996,SCL,CPY,3,2
156550.8164,92226.39409,3365.52,0.005,0.91,2.03,SCL,CPY,3,2
156556.3643,92218.2393,3279.68,0.08199999999999999,1.329,0.3,BTK,BN,3,4
156560.332,92212.06109,3218.87,0.017,0.772,1.6540000000000001,BTK,BN,3,4
156563.6546,92206.91776,3163.42,0.223,0.6729999999999999,0.5770000000000001,BTK,BN,3,4
156567.5257,92200.70849,3100.81,0.23,0.731,0.273,BTK,BN,3,4
156570.7517,92195.5341,3048.94,0.20600000000000002,0.945,0.281,BTK,BN,3,4
156573.9776,92190.35971,2993.48,0.040999999999999995,1.149,0.36200000000000004,BTK,BN,3,4
156575.268,92188.28996000001,2972.01,0.066,0.884,0.282,BTK,BN,3,4
156577.4624,92184.02621,2934.43,0.025,1.053,1.114,BTK,CPY,3,3
156580.6883,92178.85182000001,2877.18,0.016,0.6890000000000001,0.294,BTK,CPY,3,3
156581.8821,92176.75101,2853.91,0.083,0.667,0.046,BTK,BN,3,4
156584.1731,92172.51832,2818.13,0.009000000000000001,0.802,0.096,BTK,CPY,3,3
156586.5607,92168.31668999999,2775.18,0.111,1.14,0.58,BTK,CPY,3,3
156589.4968,92163.04913,2721.51,0.015,0.9259999999999999,0.802,BTK,CPY,3,3
156579.0946,92032.9866,3337.12,0.0,0.639,5.447,SCL,CPY,3,2
156578.7392,92034.11465,3315.54,0.006,0.772,3.096,SCL,CPY,3,2
156578.1906,92035.18059,3279.57,0.0,1.188,1.9069999999999998,SCL,CPY,3,2
156577.0278,92038.53369,3207.63,0.037000000000000005,1.9269999999999998,0.745,BTK,CPY,3,3
156576.3169,92040.7898,3164.47,0.07200000000000001,0.9359999999999999,1.047,BTK,CPY,3,3
156575.5095,92043.01484,3106.92,0.10400000000000001,0.8079999999999999,0.687,BTK,CPY,3,3
156575.4129,92042.98378,3088.93,0.11900000000000001,1.284,0.076,BTK,CPY,3,3
156574.7987,92045.27095,3049.36,0.209,0.648,0.5539999999999999,BTK,BN,3,4
156574.1845,92047.55811,2991.81,0.131,0.546,0.5329999999999999,BTK,BN,3,4
156573.8291,92048.68616,2973.82,0.13699999999999998,0.961,0.214,BTK,BN,3,4
156573.4737,92049.81422,2934.25,0.019,0.9079999999999999,1.07,BTK,CPY,3,3
156573.0526,92052.1635,2876.69,0.002,0.5920000000000001,0.7909999999999999,BTK,CPY,3,3
156572.8904,92053.35367000001,2858.7,0.0,0.912,0.583,BTK,CPY,3,3
156572.7282,92054.54384,2819.13,0.0,0.652,0.674,BTK,CPY,3,3
156572.5003,92056.95522999999,2757.97,0.013000000000000001,3.656,0.92,HOR,CPY,3,2
156572.369,92059.39769,2704.01,0.0,0.765,4.3919999999999995,HOR,CPY,3,2
156669.7467,92304.3894,3567.48,0.0,0.993,1.129,SCL,CPY,3,2
156671.4234,92302.44387999999,3509.95,0.0,0.98,1.305,SCL,CPY,3,2
156673.8419,92299.49454,3452.45,0.0,1.3630000000000002,0.611,SCL,CPY,3,2
156676.2914,92297.79748,3394.97,0.09,1.145,1.821,SCL,BN,3,2
156679.1929,92295.00343,3337.51,0.071,1.518,0.198,BTK,CPY,3,3
156681.9978,92292.17832,3280.06,0.31,0.478,0.272,BTK,BN,3,4
156685.6411,92288.38045,3206.46,0.457,0.861,0.145,BTK,BN,3,4
156687.7042,92286.55916,3165.17,0.434,0.47600000000000003,0.22899999999999998,BTK,BN,3,4
156690.6057,92283.76511000001,3105.94,0.231,0.92,0.45799999999999996,BTK,BN,3,4
156692.0893,92281.75747000001,3080.8,0.44299999999999995,0.601,0.062,BTK,BN,3,4
156693.8626,92279.84301,3048.51,0.275,0.41700000000000004,0.235,BTK,BN,3,4
156697.6991,92276.10725,2980.36,0.063,1.297,0.33899999999999997,BTK,BN,3,4
156700.3108,92273.22003,2933.72,0.135,0.929,0.322,BTK,BN,3,4
156703.3089,92270.45702999999,2876.32,0.013000000000000001,0.941,1.176,BTK,CPY,3,3
156704.7924,92268.44939,2851.2,0.0,0.8029999999999999,0.609,BTK,CPY,3,3
156709.2741,92263.67876,2761.5,0.0,0.669,0.532,BTK,CPY,3,3
156710.7577,92261.67112,2732.78,0.0,1.3030000000000002,1.68,BTK,CPY,3,3
156712.2412,92259.66348999999,2704.07,0.001,0.843,1.0979999999999999,BTK,CPY,3,3
156737.1759,91931.00912999999,3266.86,0.0,1.104,3.458,SCL,CPY,3,2
156735.7232,91934.26905,3247.26,0.0,1.569,3.157,SCL,CPY,3,2
156732.1728,91941.82377999999,3193.82,0.0,1.022,0.8740000000000001,BTK,CPY,3,3
156728.5568,91950.59973999999,3133.25,0.0,1.186,0.7140000000000001,BTK,CPY,3,3
156725.103,91958.18552,3078.04,0.228,0.88,0.212,BTK,BN,3,4
156721.1972,91966.8683,3017.52,0.081,0.738,0.297,BTK,BN,3,4
156717.1948,91975.52003,2960.55,0.003,0.41200000000000003,0.426,BTK,CPY,3,3
156715.549,91978.71783,2939.19,0.006,0.79,0.631,BTK,BN,3,4
156713.258,91982.95052,2905.35,0.165,0.6,0.141,BTK,BN,3,4
156710.063,91989.3772,2860.82,0.006,2.14,0.19699999999999998,HOR,CPY,3,2
156705.3188,91999.03274,2789.58,0.094,1.8359999999999999,1.084,SKR,CPY,3,2
156702.8656,92004.45559,2753.94,0.0,2.678,1.982,SKR,CPY,3,2
156850.8541,92172.54581,3445.85,0.001,0.94,1.22,SCL,CPY,3,2
156851.9823,92171.66622,3366.67,0.006,0.8109999999999999,1.065,BTK,CPY,3,3
156852.3686,92171.79045,3334.27,0.009000000000000001,1.808,0.37799999999999995,BTK,CPY,3,3
156852.6584,92171.88363,3309.08,0.0,1.169,0.18,BTK,CPY,3,3
156853.4968,92170.91087,3251.49,0.3,0.693,0.18,BTK,BN,3,4
156853.7866,92171.00404,3215.49,0.052000000000000005,2.208,0.325,BTK,CPY,3,3
156854.2386,92169.90705,3193.89,0.251,1.006,0.251,BTK,BN,3,4
156854.7215,92170.06234,3136.3,0.086,0.6459999999999999,0.18899999999999997,BTK,BN,3,4
156855.3667,92169.02746,3103.91,0.415,0.607,0.26,BTK,BN,3,4
156855.5599,92169.08958,3078.71,0.16399999999999998,1.12,0.059000000000000004,BTK,BN,3,4
157054.0442,91891.26887,3206.89,0.20199999999999999,0.8059999999999999,0.053,SCL,CPY,3,2
157052.9395,91900.85235,3099.19,0.002,1.4909999999999999,0.6509999999999999,BTK,CPY,3,3
157052.7426,91904.51603,3048.93,0.0,1.193,0.565,BTK,CPY,3,3
157052.2869,91909.33882,2991.48,0.049,1.167,0.309,BTK,CPY,3,3
157051.6033,91916.57301000001,2905.31,0.013000000000000001,2.779,1.8419999999999999,SKR,CPY,3,2
157051.4721,91919.01547,2873.0,0.003,1.682,0.257,ANH,CPY,3,2
157050.916,91927.53300000001,2768.84,0.0,1.219,0.157,ANH,CPY,3,2
157165.2408,92005.2898,3307.77,0.0,0.42200000000000004,1.591,SCL,CPY,3,2
157164.6265,92007.57697000001,3250.19,0.0,0.897,1.135,SCL,CPY,3,2
157164.2711,92008.70502000001,3221.4,0.001,1.1909999999999998,0.818,BTK,CPY,3,3
157164.3677,92008.73608,3192.61,0.0,1.278,0.348,BTK,CPY,3,3
157163.881,92012.30659,3099.05,0.0,1.3319999999999999,0.754,BTK,CPY,3,3
157163.5256,92013.43463999999,3050.48,0.081,1.203,0.326,BTK,CPY,3,3
157163.2012,92015.81498,2980.3,0.17,2.001,0.475,BTK,CPY,3,3
157163.0389,92017.00515,2933.52,0.156,1.5959999999999999,0.523,BTK,CPY,3,3
157162.5213,92019.32337,2868.75,0.0,1.528,0.2,BTK,CPY,3,3
157162.0037,92021.64159,2811.17,0.0,1.706,0.363,BTK,CPY,3,3
157161.8414,92022.83176,2760.79,0.0,1.005,0.612,BTK,CPY,3,3
157161.6792,92024.02192999999,2735.6,0.015,1.515,0.159,BTK,CPY,2,1
157161.7758,92024.05299,2703.21,0.0,2.6489999999999996,2.105,SKR,CPY,2,1
157271.7179,92168.72884,3423.5,0.001,1.097,2.481,SCL,CPY,3,2
157271.7489,92169.98113,3313.7,0.057,1.4569999999999999,0.264,BTK,CPY,3,3
157271.9421,92170.04324,3250.7,0.006999999999999999,1.8530000000000002,0.818,BTK,CPY,3,3
157272.0387,92170.0743,3212.9,0.009000000000000001,1.5759999999999998,0.46299999999999997,BTK,CPY,3,3
157272.1353,92170.10536,3193.1,0.033,1.7719999999999998,0.371,BTK,CPY,3,3
157271.973,92171.29552999999,3135.51,0.19699999999999998,2.0780000000000003,0.243,BTK,BN,3,4
157272.0696,92171.32659,3094.11,0.39299999999999996,2.779,0.322,BTK,BN,3,4
157272.2628,92171.3887,3020.31,0.045,0.716,0.342,BTK,BN,3,4
157271.9074,92172.51676,2975.31,0.165,0.735,0.311,BTK,CPY,3,3
157272.00400000002,92172.54781,2905.11,0.011000000000000001,0.787,0.912,BTK,CPY,2,1
157272.1006,92172.57887,2856.51,0.005,2.106,0.517,BTK,CPY,2,1
157272.1972,92172.60992999999,2789.91,0.0,1.12,2.7039999999999997,BTK,CPY,2,1
157272.2938,92172.64099,2748.51,0.001,1.3330000000000002,1.685,BTK,CPY,2,1
158342.9039,91957.83479,3447.34,0.009000000000000001,0.946,5.877000000000001,FIL,CPY,2,1
158339.8018,91968.01832,3321.68,0.0,1.1909999999999998,3.425,BTK,CPY,2,1
158337.2173,91975.88363,3210.36,0.0,1.239,6.617000000000001,BTK,CPY,2,1
158334.4706,91984.93911,3091.84,0.008,1.214,0.684,SCL,CPY,1,1
158332.2415,91991.67637,2994.84,0.002,0.5820000000000001,4.9719999999999995,BTK,CPY,1,1
157289.6579,92781.99731,3733.14,0.001,0.847,0.64,SCL,CPY,3,2
157287.0697,92793.58842,3676.38,0.028999999999999998,0.8,0.991,SCL,CPY,3,2
157281.3757,92819.08886,3537.99,0.0,1.0959999999999999,0.205,BTK,CPY,3,3
157277.4278,92837.69675,3435.04,0.006999999999999999,1.385,0.114,BTK,CPY,3,3
157273.2211,92857.46376,3328.5,0.006,2.079,0.358,SCL,CPY,3,2
157268.5276,92880.80127000001,3197.06,0.001,1.0490000000000002,1.79,SCL,CPY,3,2
157857.6684,92175.7544,3571.29,0.002,1.7080000000000002,3.312,SCL,CPY,2,1
157777.2874,91939.95475,3313.77,0.0,0.9740000000000001,6.167000000000001,SCL,CPY,2,1
157778.1567,91940.23427,3194.98,0.003,1.06,4.013,BTK,CPY,2,1
157779.2849,91939.35469,3079.79,0.0,1.689,4.1930000000000005,POT,CPY,2,1
157779.961,91939.5721,2979.0,0.015,1.598,5.375,BTK,CPY,2,1
157781.0582,91937.44022,2863.81,0.01,1.7169999999999999,1.464,POT,CPY,2,1
157781.8,91936.4364,2759.43,0.001,0.725,4.816,SCL,CPY,2,1
157456.8204,92035.68512000001,3450.81,0.0,1.1540000000000001,2.801,SCL,CPY,3,2
157456.0129,92037.91017,3321.23,0.0,1.464,1.619,SCL,CPY,3,2
157455.1089,92040.10416,3206.05,0.004,1.1840000000000002,3.469,BTK,CPY,3,3
157454.3981,92042.36026,3098.08,0.001,1.621,1.193,BTK,CPY,2,1
157453.5907,92044.58531000001,2982.9,0.0,2.909,0.457,BTK,CPY,2,1
157452.7176,92048.03159,2871.33,0.004,3.532,0.271,POT,CPY,2,1
157452.2,92050.34981,2748.96,0.0,1.196,0.951,SCL,CPY,2,1
157343.5049,91882.47063,3095.71,0.0,1.685,1.0490000000000002,BTK,CPY,3,3
157343.5706,91881.2494,2980.51,0.0,1.012,1.65,BTK,CPY,3,3
157343.7328,91880.05924,2868.92,0.001,2.481,0.868,POT,CPY,2,1
157344.0882,91878.93118,2750.12,0.002,6.849,4.553999999999999,POT,CPY,2,1
157150.7766,92137.29546000001,3318.46,0.001,1.921,0.374,BTK,CPY,3,3
157149.5679,92154.29948,3200.61,0.465,1.754,0.06,BTK,BN,3,4
157149.2633,92169.1095,3089.88,0.32,1.389,0.311,BTK,BN,3,4
157149.059,92180.22477999999,3011.26,0.248,1.8630000000000002,0.386,BTK,BN,3,4
157148.8893,92188.86655,2950.48,0.139,0.9520000000000001,0.32299999999999995,BTK,CPY,3,3
157149.1679,92200.13712,2861.06,0.004,0.915,0.738,SCL,CPY,3,2
157149.6051,92213.94332,2750.17,0.0,1.237,2.158,BTK,CPY,2,1
157249.94,92303.35216000001,3564.52,0.0,0.782,1.527,SCL,CPY,3,2
157247.4521,92311.24852000001,3445.95,0.0,1.939,0.182,BTK,CPY,3,3
157244.7054,92320.304,3309.42,0.124,1.385,0.042,BTK,CPY,3,3
157242.7661,92327.13444,3205.22,0.6409999999999999,1.7080000000000002,0.05,BTK,CPY,3,3
157240.53699999998,92333.87169,3093.82,0.091,1.84,0.081,BTK,CPY,3,3
157238.0492,92341.76806,2971.64,0.0,1.067,0.619,BTK,CPY,3,3
157236.1755,92347.37727000001,2871.0,0.0,1.2819999999999998,2.99,SCL,CPY,2,1
157233.7533,92354.05241,2759.58,0.0,1.8769999999999998,3.737,SCL,CPY,2,1
156528.0428,92293.61137,3547.34,0.0,0.899,0.768,SCL,CPY,3,2
156525.9872,92287.98107000001,3205.39,0.501,0.489,0.153,BTK,BN,3,4
156525.4732,92286.57349,3104.61,0.355,0.754,0.032,BTK,BN,3,4
156525.1215,92283.97574,2982.23,0.17,1.031,0.125,BTK,CPY,3,3
156524.96300000002,92281.44011,2849.05,0.07400000000000001,0.912,0.136,BTK,CPY,3,3
156524.8045,92278.90448,2737.47,0.094,1.472,0.125,BTK,CPY,3,3
156914.5124,91898.5819,3214.04,0.0,1.386,0.5660000000000001,BTK,CPY,3,3
156912.3379,91915.27532999999,3088.88,0.016,1.364,0.28800000000000003,BTK,CPY,3,3
156910.8431,91928.46037,2981.58,0.009000000000000001,1.0290000000000001,0.113,BTK,CPY,3,3
156908.7652,91945.18485,2852.81,0.002,1.795,0.223,POT,CPY,3,3
156907.2048,91959.59112000001,2738.31,0.0,5.145,1.739,SKR,CPY,3,2
156644.738,91738.54135,3079.11,0.0,0.7070000000000001,5.607,SCL,CPY,3,2
156644.7727,91736.06784,2967.53,0.0,1.6480000000000001,1.399,HOR,CPY,3,2
156278.1393,92134.99075,3530.38,0.0,1.038,1.5719999999999998,SCL,CPY,3,2
156277.0384,92140.84842000001,3473.05,0.0,0.631,2.467,SCL,CPY,3,2
156273.218,92160.73966,3286.68,0.304,1.123,0.015,BTK,CPY,3,3
156271.8583,92167.75644,3214.98,0.418,1.454,0.040999999999999995,BTK,CPY,3,3
156269.2045,92180.56878,3089.51,0.375,0.385,0.11800000000000001,BTK,CPY,3,3
156266.8094,92192.222,2971.19,0.429,0.44799999999999995,0.046,BTK,BN,3,4
156264.3179,92203.84417000001,2849.23,0.11900000000000001,0.7170000000000001,0.032,BTK,CPY,3,3
156262.6683,92210.76778,2770.3,0.003,1.4780000000000002,0.204,BTK,CPY,3,3
156099.8021,92266.48275,3441.93,0.038,1.175,0.6509999999999999,POT,CPY,3,3
156099.3736,92276.28362,3423.97,0.10400000000000001,1.1320000000000001,2.109,BTK,CPY,3,3
156097.6361,92306.78325,3365.27,0.35600000000000004,0.927,0.511,BTK,BN,3,4
156096.7519,92321.40693,3337.59,0.39399999999999996,1.054,0.051,BTK,BN,3,4
156092.7248,92387.19792,3213.81,0.36200000000000004,0.784,0.069,BTK,BN,3,4
156089.9409,92433.5114,3125.86,0.297,0.746,0.023,BTK,BN,3,4
156088.4004,92460.34734,3073.74,0.158,1.168,0.08,BTK,BN,3,4
156087.0914,92481.0461,3034.65,0.005,1.069,3.727,BTK,CPY,3,3
156462.7402,92020.42073,3439.73,0.0,0.99,1.5190000000000001,BTK,CPY,3,3
156459.9476,92043.12713,3308.0,0.0,1.042,1.6580000000000001,BTK,CPY,3,3
156457.3371,92077.07303,3097.79,0.145,1.105,0.105,BTK,CPY,3,3
156456.5768,92096.70585,2969.47,0.245,0.682,0.079,BTK,BN,3,4
156455.9167,92112.64392,2869.58,0.307,0.40700000000000003,0.017,BTK,BN,3,4
156455.2604,92124.8562,2787.51,0.099,1.27,0.158,BTK,CPY,3,3
156454.8975,92133.43585,2730.43,0.002,0.879,0.324,BTK,CPY,3,3
156285.3191,92751.01106,3503.53,0.428,0.838,0.11699999999999999,BTK,BN,3,4
156284.8943,92757.08614,3431.72,0.063,1.6280000000000001,0.154,POT,CPY,3,3
156284.7247,92765.72791,3327.61,0.679,0.46299999999999997,0.04,BTK,BN,3,4
156284.8448,92774.46285,3216.31,0.848,0.73,0.04,BTK,BN,3,4
156564.0734,91561.04007999999,3010.2,0.017,0.759,15.335999999999999,HOR,CPY,3,2
156572.1488,91569.84829,2859.61,0.002,0.628,5.922999999999999,SKR,CPY,3,2
156578.1994,91574.27848,2755.62,0.0,0.856,16.52,HOR,CPY,3,2
157856.3457,92533.12055,3668.98,0.002,1.212,4.453,SCL,CPY,2,1
157854.2801,92569.72632,3588.93,0.003,1.558,2.21,SCL,CPY,2,1
157852.3842,92597.69032000001,3525.45,0.001,1.27,1.229,SCL,CPY,2,1
157849.0554,92641.34392999999,3426.7,0.009000000000000001,1.3840000000000001,1.29,SCL,CPY,2,1
157846.7582,92684.08688999999,3331.11,0.013999999999999999,0.82,3.6319999999999997,SCL,CPY,2,1
157846.1762,92718.68502,3248.8,0.0,0.857,5.207000000000001,SCL,CPY,2,1
157081.1652,93116.2318,3555.51,0.098,1.297,0.326,BTK,CPY,3,3
157077.4538,93156.03537,3445.72,0.01,1.23,0.205,BTK,CPY,3,3
157074.6043,93203.57007,3308.24,0.0,0.9940000000000001,1.75,SCL,CPY,3,2
155992.5135,92787.30743,3638.93,0.057999999999999996,1.127,0.624,SCL,CPY,3,2
155983.1576,92835.23474,3528.51,0.551,0.287,0.011000000000000001,BTK,BN,3,4
155974.7714,92879.74682999999,3427.93,0.22,1.097,1.3840000000000001,POT,BN,3,4
155966.9957,92925.69756,3320.48,0.22899999999999998,0.879,0.109,BTK,BN,3,4
156975.9948,92191.66377999999,3401.36,0.0,1.2409999999999999,0.632,SCL,CPY,3,2
156965.5392,92276.50744,3090.11,0.649,0.867,0.017,BTK,BN,3,4
156962.894,92312.92686,2960.81,0.0,1.14,0.276,BTK,CPY,3,3
156961.4154,92342.26737,2856.11,0.001,0.992,0.35600000000000004,BTK,CPY,3,3
156960.0643,92372.89124,2755.27,0.001,1.067,1.36,BTK,CPY,3,3
157821.3644,92342.97697,3653.63,0.001,0.847,3.7039999999999997,SCL,CPY,2,1
157819.0425,92345.95737,3596.16,0.0,1.251,4.0360000000000005,SCL,CPY,2,1
157816.6239,92348.90671,3538.69,0.005,1.058,1.113,SCL,CPY,2,1
157814.0122,92351.79394,3481.23,0.001,1.254,2.1319999999999997,SCL,CPY,2,1
157812.3664,92354.99175,3423.74,0.0,1.517,1.636,BTK,CPY,2,1
157810.5584,92359.37972000001,3364.46,0.0,2.182,0.708,SCL,CPY,2,1
157809.1058,92362.63965,3308.76,0.0,1.845,1.636,SCL,CPY,2,1
157808.5572,92363.70559,3278.22,0.0,1.329,1.1440000000000001,SCL,CPY,2,1
157807.943,92365.99275,3251.26,0.013000000000000001,1.67,1.094,BTK,CPY,2,1
157807.4253,92368.31097,3209.93,0.0,1.229,1.656,SCL,CPY,2,1
157806.5833,92373.00953,3136.26,0.0,1.6340000000000001,2.591,BTK,CPY,2,1
157805.9034,92376.51792,3094.94,0.0,1.355,1.6909999999999998,BTK,CPY,2,1
157005.0402,93424.69946,3766.64,0.006999999999999999,0.7040000000000001,3.575,SCL,CPY,3,2
156997.1295,93476.81844,3649.8,0.11,0.473,0.772,BTK,CPY,3,3
156994.0781,93500.68395,3596.34,0.059000000000000004,0.809,0.39899999999999997,BTK,CPY,3,3
156991.4478,93522.20017000001,3547.87,0.032,0.826,0.649,SCL,CPY,3,2
156986.3767,93569.02053,3444.07,0.0,0.9590000000000001,1.264,SCL,CPY,3,2
156534.3731,92921.78185,3761.34,0.001,1.161,0.6709999999999999,SCL,CPY,3,2
156531.0741,92935.62906,3710.79,0.011000000000000001,0.474,0.079,SCL,CPY,3,2
156528.8413,92946.09212,3674.16,0.006999999999999999,1.7890000000000001,0.7140000000000001,POT,CPY,3,3
156527.8061,92950.72856,3654.96,0.125,0.726,0.264,BTK,BN,3,4
156521.6254,92979.79951,3551.94,0.0,1.6059999999999999,1.975,BTK,BN,3,4
156515.893,93011.49927,3436.65,0.0,2.24,0.475,BTK,BN,3,4
156510.3847,93044.51342,3317.92,0.01,1.681,0.214,BTK,BN,3,4
157056.1145,92366.50518,3043.27,0.5329999999999999,1.131,0.065,BTK,CPY,3,3
157043.3618,92397.18997,2977.94,0.624,0.769,0.037000000000000005,BTK,CPY,3,3
157019.4366,92456.58296,2854.45,0.0,1.206,1.515,BTK,CPY,3,3
157001.8393,92500.61803,2763.42,0.0,1.334,2.17,BTK,CPY,3,3
157343.3675,91729.61968999999,3080.56,0.0,0.9590000000000001,3.15,BTK,CPY,3,3
157344.2852,91681.46382,2966.06,0.003,0.65,3.948,BTK,CPY,3,3
157220.6203,92539.90636000001,3330.12,0.135,1.8019999999999998,0.13,BTK,BN,3,4
157224.4964,92561.02997999999,3209.27,0.13699999999999998,1.22,0.11900000000000001,BTK,CPY,3,3
157228.6313,92580.99448,3092.03,0.0,1.8769999999999998,0.365,BTK,CPY,3,3
157232.8665,92597.26424,2992.61,0.0,1.112,5.8420000000000005,FIL,CPY,3,2
156722.2844,92200.77619,3423.82,0.0,1.3969999999999998,1.229,BTK,CPY,3,3
156735.0445,92259.54164,3237.79,0.526,0.665,0.055999999999999994,BTK,BN,3,4
156739.3107,92277.06369,3182.83,0.28300000000000003,1.063,0.07200000000000001,BTK,BN,3,4
156747.9086,92310.88656,3080.02,0.34600000000000003,0.805,0.035,BTK,BN,3,4
156756.9896,92344.86472,2977.45,0.004,1.301,0.29100000000000004,BTK,CPY,3,3
156767.9677,92381.93755,2868.63,0.035,1.524,0.04,BTK,CPY,3,3
156780.2944,92423.17101,2757.04,0.0,2.58,0.526,BTK,CPY,3,3
156386.4826,92397.17401,2954.67,0.27,1.05,0.293,BTK,BN,3,4
156387.2517,92401.14828,2859.38,0.243,0.826,0.207,BTK,BN,3,4
156929.9895,91978.09827,3183.3,0.0,1.709,0.623,BTK,CPY,3,3
156945.8777,92000.5996,3090.66,0.171,1.906,0.061,BTK,CPY,3,3
156960.1276,92018.84713,3008.15,0.168,1.13,0.032,POT,CPY,3,3
156970.39,92030.8432,2949.63,0.374,1.703,0.047,BTK,BN,3,4
156988.2447,92051.49218,2849.81,0.039,0.9470000000000001,0.063,BTK,CPY,3,3
157005.5199,92071.95481,2753.56,0.001,1.0,0.272,BTK,CPY,3,3
156214.7871,91746.89044,3249.31,0.019,0.74,7.601,SCL,CPY,3,2
156214.4738,91738.09337999999,3047.85,0.001,1.139,7.086,ANH,CPY,3,2
156214.2187,91735.52669,2986.7,0.0,1.46,6.319,HOR,CPY,3,2
